/*
SQLyog Ultimate v13.1.1 (32 bit)
MySQL - 5.7.27-0ubuntu0.18.04.1 : Database - db_arsiparis
*********************************************************************
*/

/*!40101 SET NAMES utf8 */;

/*!40101 SET SQL_MODE=''*/;

/*!40014 SET @OLD_UNIQUE_CHECKS=@@UNIQUE_CHECKS, UNIQUE_CHECKS=0 */;
/*!40014 SET @OLD_FOREIGN_KEY_CHECKS=@@FOREIGN_KEY_CHECKS, FOREIGN_KEY_CHECKS=0 */;
/*!40101 SET @OLD_SQL_MODE=@@SQL_MODE, SQL_MODE='NO_AUTO_VALUE_ON_ZERO' */;
/*!40111 SET @OLD_SQL_NOTES=@@SQL_NOTES, SQL_NOTES=0 */;
/*Table structure for table `backbone_coremodul` */

DROP TABLE IF EXISTS `backbone_coremodul`;

CREATE TABLE `backbone_coremodul` (
  `id_coremodul` int(11) NOT NULL AUTO_INCREMENT,
  `nama_coremodul` varchar(300) DEFAULT NULL,
  `deskripsi_coremodul` tinytext,
  `created_date` datetime DEFAULT NULL,
  `created_by` varchar(200) DEFAULT NULL,
  `modified_date` datetime DEFAULT NULL,
  `modified_by` varchar(200) DEFAULT NULL,
  `record_active` tinyint(4) DEFAULT '1',
  PRIMARY KEY (`id_coremodul`)
) ENGINE=InnoDB DEFAULT CHARSET=latin1;

/*Data for the table `backbone_coremodul` */

/*Table structure for table `backbone_modul` */

DROP TABLE IF EXISTS `backbone_modul`;

CREATE TABLE `backbone_modul` (
  `id_modul` int(11) NOT NULL AUTO_INCREMENT,
  `nama_modul` varchar(300) DEFAULT NULL,
  `deskripsi_modul` tinytext,
  `turunan_dari` tinytext,
  `no_urut` int(11) DEFAULT NULL,
  `show_on_menu` tinyint(4) DEFAULT NULL,
  `created_date` datetime DEFAULT CURRENT_TIMESTAMP,
  `created_by` varchar(200) DEFAULT NULL,
  `modified_date` datetime DEFAULT NULL,
  `modified_by` varchar(200) DEFAULT NULL,
  `record_active` tinyint(4) DEFAULT '1',
  PRIMARY KEY (`id_modul`)
) ENGINE=InnoDB AUTO_INCREMENT=13 DEFAULT CHARSET=latin1;

/*Data for the table `backbone_modul` */

insert  into `backbone_modul`(`id_modul`,`nama_modul`,`deskripsi_modul`,`turunan_dari`,`no_urut`,`show_on_menu`,`created_date`,`created_by`,`modified_date`,`modified_by`,`record_active`) values 
(1,'system','Sistem','',90000,1,'2019-10-14 00:00:00','',NULL,NULL,1),
(2,'modul','Modul','system',90001,1,'2019-10-14 00:00:00','',NULL,NULL,1),
(3,'role','Role','system',90002,1,'2019-10-14 00:00:00','',NULL,NULL,1),
(4,'member','Users','system',90003,1,'2019-10-14 00:00:00','',NULL,NULL,1),
(5,'skp','Sasaran Kerja Pegawai','',100,1,'2019-10-15 00:00:00','','2019-10-15 00:00:00','',1),
(6,'rskp','Realisasi SKP','',200,1,'2019-10-15 00:00:00','',NULL,NULL,1),
(7,'pskp','Penilaian SKP','',300,1,'2019-10-15 00:00:00','',NULL,NULL,1),
(8,'pperilaku','Penilaian Perilaku (DP3)','',400,1,'2019-10-15 00:00:00','','2019-10-29 00:00:00','',1),
(9,'master','Master','',80000,1,'2019-10-15 00:00:00','',NULL,NULL,1),
(10,'master-dupnk','DUPNK','master',80001,1,'2019-10-15 00:00:00','',NULL,NULL,1),
(11,'penilai','Penilai','',500,1,'2019-10-15 00:00:00','',NULL,NULL,1),
(12,'vskp','Verifikasi SKP','',10000,1,'2019-10-22 00:00:00','','2019-10-22 00:00:00','',1);

/*Table structure for table `backbone_modul_role` */

DROP TABLE IF EXISTS `backbone_modul_role`;

CREATE TABLE `backbone_modul_role` (
  `id_module_role` mediumint(9) NOT NULL AUTO_INCREMENT,
  `id_role` int(11) DEFAULT NULL,
  `id_modul` int(11) DEFAULT NULL,
  `is_read` tinyint(4) DEFAULT '1',
  `is_write` tinyint(4) DEFAULT '1',
  `is_update` tinyint(4) DEFAULT '1',
  `is_delete` tinyint(4) DEFAULT '0',
  `created_date` datetime DEFAULT CURRENT_TIMESTAMP,
  `created_by` varchar(200) DEFAULT NULL,
  `modified_date` datetime DEFAULT NULL,
  `modified_by` varchar(200) DEFAULT NULL,
  `record_active` tinyint(4) DEFAULT '1',
  PRIMARY KEY (`id_module_role`),
  KEY `fk_backbone_modul_role_backbone_modul` (`id_modul`),
  KEY `fk_backbone_modul_role_backbone_role` (`id_role`),
  CONSTRAINT `fk_backbone_modul_role_backbone_modul` FOREIGN KEY (`id_modul`) REFERENCES `backbone_modul` (`id_modul`),
  CONSTRAINT `fk_backbone_modul_role_backbone_role` FOREIGN KEY (`id_role`) REFERENCES `backbone_role` (`id_role`)
) ENGINE=InnoDB AUTO_INCREMENT=92 DEFAULT CHARSET=latin1;

/*Data for the table `backbone_modul_role` */

insert  into `backbone_modul_role`(`id_module_role`,`id_role`,`id_modul`,`is_read`,`is_write`,`is_update`,`is_delete`,`created_date`,`created_by`,`modified_date`,`modified_by`,`record_active`) values 
(24,4,5,1,1,1,1,'2019-10-17 09:19:57','administrator','2019-10-17 09:19:57','administrator',1),
(25,4,6,1,1,1,1,'2019-10-17 09:19:57','administrator','2019-10-17 09:19:57','administrator',1),
(26,4,10,1,1,1,0,'2019-10-17 09:19:57','administrator','2019-10-17 09:19:57','administrator',1),
(61,1,1,1,1,1,1,'2019-10-28 09:55:10','administrator','2019-10-28 09:55:10','administrator',1),
(62,1,2,1,1,1,1,'2019-10-28 09:55:10','administrator','2019-10-28 09:55:10','administrator',1),
(63,1,3,1,1,1,1,'2019-10-28 09:55:10','administrator','2019-10-28 09:55:10','administrator',1),
(64,1,4,1,1,1,1,'2019-10-28 09:55:10','administrator','2019-10-28 09:55:10','administrator',1),
(65,1,5,1,1,1,1,'2019-10-28 09:55:10','administrator','2019-10-28 09:55:10','administrator',1),
(66,1,6,1,1,1,1,'2019-10-28 09:55:10','administrator','2019-10-28 09:55:10','administrator',1),
(67,1,7,1,1,1,1,'2019-10-28 09:55:10','administrator','2019-10-28 09:55:10','administrator',1),
(68,1,8,1,1,1,1,'2019-10-28 09:55:10','administrator','2019-10-28 09:55:10','administrator',1),
(69,1,9,1,1,1,1,'2019-10-28 09:55:10','administrator','2019-10-28 09:55:10','administrator',1),
(70,1,10,1,1,1,1,'2019-10-28 09:55:10','administrator','2019-10-28 09:55:10','administrator',1),
(71,1,11,1,1,1,1,'2019-10-28 09:55:10','administrator','2019-10-28 09:55:10','administrator',1),
(72,1,12,1,1,1,1,'2019-10-28 09:55:10','administrator','2019-10-28 09:55:10','administrator',1),
(79,2,1,1,1,1,1,'2019-10-28 21:52:15','administrator','2019-10-28 21:52:15','administrator',1),
(80,2,2,1,1,1,1,'2019-10-28 21:52:15','administrator','2019-10-28 21:52:15','administrator',1),
(81,2,3,1,1,1,1,'2019-10-28 21:52:15','administrator','2019-10-28 21:52:15','administrator',1),
(82,2,4,1,1,1,1,'2019-10-28 21:52:15','administrator','2019-10-28 21:52:15','administrator',1),
(83,2,5,1,1,1,1,'2019-10-28 21:52:15','administrator','2019-10-28 21:52:15','administrator',1),
(84,2,9,1,1,1,1,'2019-10-28 21:52:15','administrator','2019-10-28 21:52:15','administrator',1),
(85,2,10,1,1,1,1,'2019-10-28 21:52:15','administrator','2019-10-28 21:52:15','administrator',1),
(86,2,11,1,1,1,1,'2019-10-28 21:52:15','administrator','2019-10-28 21:52:15','administrator',1),
(87,2,12,1,1,1,1,'2019-10-28 21:52:15','administrator','2019-10-28 21:52:15','administrator',1),
(88,3,5,1,1,1,1,'2019-10-29 08:52:31','administrator','2019-10-29 08:52:31','administrator',1),
(89,3,7,1,1,1,1,'2019-10-29 08:52:31','administrator','2019-10-29 08:52:31','administrator',1),
(90,3,8,1,1,1,1,'2019-10-29 08:52:31','administrator','2019-10-29 08:52:31','administrator',1),
(91,3,10,1,1,1,0,'2019-10-29 08:52:31','administrator','2019-10-29 08:52:31','administrator',1);

/*Table structure for table `backbone_profil` */

DROP TABLE IF EXISTS `backbone_profil`;

CREATE TABLE `backbone_profil` (
  `id_profil` bigint(20) NOT NULL AUTO_INCREMENT,
  `id_user` bigint(20) DEFAULT NULL,
  `nama_profil` varchar(200) DEFAULT NULL,
  `email_profil` varchar(100) DEFAULT NULL,
  `created_date` datetime DEFAULT CURRENT_TIMESTAMP,
  `created_by` varchar(200) DEFAULT NULL,
  `modified_date` datetime DEFAULT NULL,
  `modified_by` varchar(200) DEFAULT NULL,
  `record_active` tinyint(4) DEFAULT '1',
  PRIMARY KEY (`id_profil`),
  KEY `fk_backbone_profil_backbone_user` (`id_user`),
  CONSTRAINT `fk_backbone_profil_backbone_user` FOREIGN KEY (`id_user`) REFERENCES `backbone_user` (`id_user`)
) ENGINE=InnoDB AUTO_INCREMENT=208 DEFAULT CHARSET=latin1;

/*Data for the table `backbone_profil` */

insert  into `backbone_profil`(`id_profil`,`id_user`,`nama_profil`,`email_profil`,`created_date`,`created_by`,`modified_date`,`modified_by`,`record_active`) values 
(1,1,'Administrator',NULL,'2019-10-14 17:14:54',NULL,NULL,NULL,1),
(2,2,'Admin',NULL,'2019-10-14 17:15:02',NULL,NULL,NULL,1),
(3,3,'Tester',NULL,'2019-10-14 17:15:10',NULL,NULL,NULL,1),
(4,4,'Tester Sekretaris',NULL,'2019-10-14 17:15:24',NULL,NULL,NULL,1),
(5,5,'Tester Penilai',NULL,'2019-10-14 17:15:34',NULL,NULL,NULL,1),
(6,6,'Tester Arsiparis 1',NULL,'2019-10-14 17:15:45',NULL,NULL,NULL,1),
(7,7,'Rinta Kurniati, S AP',NULL,'2019-10-24 08:15:52',NULL,NULL,NULL,1),
(8,8,'Budi Setyanta, SE',NULL,'2019-10-24 08:15:52',NULL,NULL,NULL,1),
(9,9,'Junaidin, SE',NULL,'2019-10-24 08:15:52',NULL,NULL,NULL,1),
(10,10,'H. Sitti Hannah, S AP',NULL,'2019-10-24 08:15:52',NULL,NULL,NULL,1),
(11,11,'Abdul Rachman, ST',NULL,'2019-10-24 08:15:52',NULL,NULL,NULL,1),
(12,12,'Nadia Fauziah Dwiandari, SIP, M.Phil',NULL,'2019-10-24 08:15:52',NULL,NULL,NULL,1),
(13,13,'Dwi Hening Cipto, S.Sos',NULL,'2019-10-24 08:15:52',NULL,NULL,NULL,1),
(14,14,'Yuniarti Eka Basuki, SS',NULL,'2019-10-24 08:15:52',NULL,NULL,NULL,1),
(15,15,'Dwinda Meigita Norca Gatmani, ST, MAP',NULL,'2019-10-24 08:15:52',NULL,NULL,NULL,1),
(16,16,'R.Suryagung Sudibyo Putro, S.S',NULL,'2019-10-24 08:15:52',NULL,NULL,NULL,1),
(17,17,'Muhammad Haris Budiawan, S.S',NULL,'2019-10-24 08:15:52',NULL,NULL,NULL,1),
(18,18,'Agung Ismawarno, S.S, M.AP.',NULL,'2019-10-24 08:15:52',NULL,NULL,NULL,1),
(19,19,'Mochamad Satrianto, S.Hum',NULL,'2019-10-24 08:15:52',NULL,NULL,NULL,1),
(20,20,'Hafid Furqoni, SS',NULL,'2019-10-24 08:15:52',NULL,NULL,NULL,1),
(21,21,'Bunadi Irawan, S.IP',NULL,'2019-10-24 08:15:52',NULL,NULL,NULL,1),
(22,22,'Sidup Fauzi, S.ST.,Ars',NULL,'2019-10-24 08:15:52',NULL,NULL,NULL,1),
(23,23,'M. Zainuddin, S.St, Ars',NULL,'2019-10-24 08:15:52',NULL,NULL,NULL,1),
(24,24,'Moh Sholeh, S.AP, M.A.P',NULL,'2019-10-24 08:15:53',NULL,NULL,NULL,1),
(25,25,'Ayu Syafnita',NULL,'2019-10-24 08:15:53',NULL,NULL,NULL,1),
(26,26,'Maryani Aprilyantini, S.ST.Ars',NULL,'2019-10-24 08:15:53',NULL,NULL,NULL,1),
(27,27,'Sri Martini, S.SOS',NULL,'2019-10-24 08:15:53',NULL,NULL,NULL,1),
(28,28,'Armen Hasanudin, S.ST.Ars',NULL,'2019-10-24 08:15:53',NULL,NULL,NULL,1),
(29,29,'Mansyur, S.ST.,Ars',NULL,'2019-10-24 08:15:53',NULL,NULL,NULL,1),
(30,30,'Isya Ansori, SAP, MAP',NULL,'2019-10-24 08:15:53',NULL,NULL,NULL,1),
(31,31,'Teguh Wiyono, S.ST.Ars',NULL,'2019-10-24 08:15:53',NULL,NULL,NULL,1),
(32,32,'Supriyono, S.ST.Ars',NULL,'2019-10-24 08:15:53',NULL,NULL,NULL,1),
(33,33,'Narminta Ningrum, S.ST.Ars',NULL,'2019-10-24 08:15:53',NULL,NULL,NULL,1),
(34,34,'Nurhayati, S.ST.,Ars',NULL,'2019-10-24 08:15:53',NULL,NULL,NULL,1),
(35,35,'Widya Wahyuni Setianingrum, ST',NULL,'2019-10-24 08:15:53',NULL,NULL,NULL,1),
(36,36,'Erni Budiyanti, S KOM',NULL,'2019-10-24 08:15:53',NULL,NULL,NULL,1),
(37,37,'Arshanti Kurnianingrum, S Sos',NULL,'2019-10-24 08:15:53',NULL,NULL,NULL,1),
(38,38,'Ardiani, SAP, M.A.P',NULL,'2019-10-24 08:15:53',NULL,NULL,NULL,1),
(39,39,'Siwi Kartikasari, S.ST.Ars',NULL,'2019-10-24 08:15:53',NULL,NULL,NULL,1),
(40,40,'Sapta Sunjaya, S Kom, M.MSI',NULL,'2019-10-24 08:15:53',NULL,NULL,NULL,1),
(41,41,'Muhamad Robbi, ST, M.A.P',NULL,'2019-10-24 08:15:53',NULL,NULL,NULL,1),
(42,42,'Irma Karimatun Ni`Mah, S.Sos, MAP',NULL,'2019-10-24 08:15:53',NULL,NULL,NULL,1),
(43,43,'Hendro Subekti, S.Sos',NULL,'2019-10-24 08:15:53',NULL,NULL,NULL,1),
(44,44,'Nunung Kurnia, S.AP',NULL,'2019-10-24 08:15:53',NULL,NULL,NULL,1),
(45,45,'Fajar Sri Purwanti, A.Md',NULL,'2019-10-24 08:15:53',NULL,NULL,NULL,1),
(46,46,'Abid Zusriha Hasan, S.Sos',NULL,'2019-10-24 08:15:53',NULL,NULL,NULL,1),
(47,47,'Satimin, S.AP',NULL,'2019-10-24 08:15:53',NULL,NULL,NULL,1),
(48,48,'Tri Yekti Mufidati, SE',NULL,'2019-10-24 08:15:53',NULL,NULL,NULL,1),
(49,49,'Abdul Cholik, S.Hum',NULL,'2019-10-24 08:15:53',NULL,NULL,NULL,1),
(50,50,'Intan Lidwina, S.Hum',NULL,'2019-10-24 08:15:53',NULL,NULL,NULL,1),
(51,51,'Afrizal Zurman, S.Si',NULL,'2019-10-24 08:15:53',NULL,NULL,NULL,1),
(52,52,'Chesar Dwi Nugroho Basuki, S.Sos',NULL,'2019-10-24 08:15:53',NULL,NULL,NULL,1),
(53,53,'Dyah Nurul Annahlia, S.S',NULL,'2019-10-24 08:15:54',NULL,NULL,NULL,1),
(54,54,'Eka Deasy Widyaningsih, SS, M.Ikom',NULL,'2019-10-24 08:15:54',NULL,NULL,NULL,1),
(55,55,'Jajang Nurjaman, S.Hum, M.A.',NULL,'2019-10-24 08:15:54',NULL,NULL,NULL,1),
(56,56,'Octavia Syafarwati, S.Si',NULL,'2019-10-24 08:15:54',NULL,NULL,NULL,1),
(57,57,'Raden Yovi Mega Purwono, S.S',NULL,'2019-10-24 08:15:54',NULL,NULL,NULL,1),
(58,58,'Sari Diana, SH',NULL,'2019-10-24 08:15:54',NULL,NULL,NULL,1),
(59,59,'Susanto, SS',NULL,'2019-10-24 08:15:54',NULL,NULL,NULL,1),
(60,60,'Widhi Setyo Putro, S.S',NULL,'2019-10-24 08:15:54',NULL,NULL,NULL,1),
(61,61,'Achmad Dedi Faozi, S.Hum',NULL,'2019-10-24 08:15:54',NULL,NULL,NULL,1),
(62,62,'Azwar Sanusi, S.IP, M.Si',NULL,'2019-10-24 08:15:54',NULL,NULL,NULL,1),
(63,63,'Lufi Herawan, S.Kom',NULL,'2019-10-24 08:15:54',NULL,NULL,NULL,1),
(64,64,'Stella Sigrid Juliet, S.S., M.Hum',NULL,'2019-10-24 08:15:54',NULL,NULL,NULL,1),
(65,65,'Sukmawati Mochtar, SH',NULL,'2019-10-24 08:15:54',NULL,NULL,NULL,1),
(66,66,'Bayu Tanoyo, S.Sos',NULL,'2019-10-24 08:15:54',NULL,NULL,NULL,1),
(67,67,'Novia Elita, SH',NULL,'2019-10-24 08:15:54',NULL,NULL,NULL,1),
(68,68,'Raistiwar Pratama, S.S',NULL,'2019-10-24 08:15:54',NULL,NULL,NULL,1),
(69,69,'Abdul Hamid, S.ST.Ars',NULL,'2019-10-24 08:15:54',NULL,NULL,NULL,1),
(70,70,'Jumadi, S.AP, MAP',NULL,'2019-10-24 08:15:54',NULL,NULL,NULL,1),
(71,71,'Anna Wijayanti Kusumaningsih, ST.',NULL,'2019-10-24 08:15:54',NULL,NULL,NULL,1),
(72,72,'Seno, S.T',NULL,'2019-10-24 08:15:54',NULL,NULL,NULL,1),
(73,73,'Iwan Setiawan, S.KOM',NULL,'2019-10-24 08:15:54',NULL,NULL,NULL,1),
(74,74,'Dian Ardiani Ridwan, S.ST.Ars',NULL,'2019-10-24 08:15:54',NULL,NULL,NULL,1),
(75,75,'Awaluddin Nur, SAP',NULL,'2019-10-24 08:15:54',NULL,NULL,NULL,1),
(76,76,'Aris Widodo, S.Sos',NULL,'2019-10-24 08:15:54',NULL,NULL,NULL,1),
(77,77,'Ali Fajarudin, S.Kom',NULL,'2019-10-24 08:15:54',NULL,NULL,NULL,1),
(78,78,'Ari Syah Bungsu, ST',NULL,'2019-10-24 08:15:54',NULL,NULL,NULL,1),
(79,79,'Deri Septiani Pratami, S.Sos',NULL,'2019-10-24 08:15:55',NULL,NULL,NULL,1),
(80,80,'Dionysius Susilo Pratomo, ST',NULL,'2019-10-24 08:15:55',NULL,NULL,NULL,1),
(81,81,'Fitra Yeni, S.Si',NULL,'2019-10-24 08:15:55',NULL,NULL,NULL,1),
(82,82,'Kurniawan Budi Santoso, S.T, M.T',NULL,'2019-10-24 08:15:55',NULL,NULL,NULL,1),
(83,83,'Lola Palmita, SS',NULL,'2019-10-24 08:15:55',NULL,NULL,NULL,1),
(84,84,'Meilani Dwi Puspita, S.IP',NULL,'2019-10-24 08:15:55',NULL,NULL,NULL,1),
(85,85,'Peny Wulandari, S.Sos',NULL,'2019-10-24 08:15:55',NULL,NULL,NULL,1),
(86,86,'Sely Purbasari Suryani, S.S',NULL,'2019-10-24 08:15:55',NULL,NULL,NULL,1),
(87,87,'Susilowati, SE',NULL,'2019-10-24 08:15:55',NULL,NULL,NULL,1),
(88,88,'Wirastri Dyah Puspita, SE',NULL,'2019-10-24 08:15:55',NULL,NULL,NULL,1),
(89,89,'Yoga Pratama Nugraha, S.Kom',NULL,'2019-10-24 08:15:55',NULL,NULL,NULL,1),
(90,90,'Yosep Nusantara Danang Saputra, SH',NULL,'2019-10-24 08:15:55',NULL,NULL,NULL,1),
(91,91,'Pinandita Syafrisman, S.Sos',NULL,'2019-10-24 08:15:55',NULL,NULL,NULL,1),
(92,92,'Suharti, S.Hum',NULL,'2019-10-24 08:15:55',NULL,NULL,NULL,1),
(93,93,'Andika Agustia Hasri, S.Kom',NULL,'2019-10-24 08:15:55',NULL,NULL,NULL,1),
(94,94,'Ade Septiana Sari, S.IP',NULL,'2019-10-24 08:15:55',NULL,NULL,NULL,1),
(95,95,'Dewi Mayang Sari, SEI',NULL,'2019-10-24 08:15:55',NULL,NULL,NULL,1),
(96,96,'Desi Mulyaningsih, S.Kom',NULL,'2019-10-24 08:15:55',NULL,NULL,NULL,1),
(97,97,'Eviani Yusnita, S.IP',NULL,'2019-10-24 08:15:55',NULL,NULL,NULL,1),
(98,98,'Indah Purnamasari, SE',NULL,'2019-10-24 08:15:55',NULL,NULL,NULL,1),
(99,99,'Irvan Azhari Solong, SH',NULL,'2019-10-24 08:15:55',NULL,NULL,NULL,1),
(100,100,'Mudanto Pamungkas, S.S',NULL,'2019-10-24 08:15:55',NULL,NULL,NULL,1),
(101,101,'Nuryulianti, S.IP',NULL,'2019-10-24 08:15:55',NULL,NULL,NULL,1),
(102,102,'Parno Nusantara, ST',NULL,'2019-10-24 08:15:55',NULL,NULL,NULL,1),
(103,103,'Ramadhona Aswin, S.Kom',NULL,'2019-10-24 08:15:56',NULL,NULL,NULL,1),
(104,104,'Yeni Dwi Novelawaty, S.Hum',NULL,'2019-10-24 08:15:56',NULL,NULL,NULL,1),
(105,105,'Yuanita Utami, S.IP',NULL,'2019-10-24 08:15:56',NULL,NULL,NULL,1),
(106,106,'Arie Suhendar, S.Kom',NULL,'2019-10-24 08:15:56',NULL,NULL,NULL,1),
(107,107,'Supriadi',NULL,'2019-10-24 08:15:56',NULL,NULL,NULL,1),
(108,108,'Kadir',NULL,'2019-10-24 08:15:56',NULL,NULL,NULL,1),
(109,109,'Matali',NULL,'2019-10-24 08:15:56',NULL,NULL,NULL,1),
(110,110,'Wiyaningsih',NULL,'2019-10-24 08:15:56',NULL,NULL,NULL,1),
(111,111,'Siti Fatimah',NULL,'2019-10-24 08:15:56',NULL,NULL,NULL,1),
(112,112,'Sri Wulan Nugrahayu',NULL,'2019-10-24 08:15:56',NULL,NULL,NULL,1),
(113,113,'Ratna Absari',NULL,'2019-10-24 08:15:56',NULL,NULL,NULL,1),
(114,114,'Bakat Untoro, A.Md',NULL,'2019-10-24 08:15:56',NULL,NULL,NULL,1),
(115,115,'Hotman',NULL,'2019-10-24 08:15:56',NULL,NULL,NULL,1),
(116,116,'Sugiyo',NULL,'2019-10-24 08:15:56',NULL,NULL,NULL,1),
(117,117,'Hadi Susono, A.Md',NULL,'2019-10-24 08:15:56',NULL,NULL,NULL,1),
(118,118,'Sri Rustiningrum, A.Md',NULL,'2019-10-24 08:15:56',NULL,NULL,NULL,1),
(119,119,'Okta Handi Suryadi, A.Md',NULL,'2019-10-24 08:15:56',NULL,NULL,NULL,1),
(120,120,'Erlina Widyanti, A.Md',NULL,'2019-10-24 08:15:56',NULL,NULL,NULL,1),
(121,121,'Yudhi Risti Purnomo, A.Md',NULL,'2019-10-24 08:15:56',NULL,NULL,NULL,1),
(122,122,'Zullaika Astuti, A.Md',NULL,'2019-10-24 08:15:56',NULL,NULL,NULL,1),
(123,123,'Alex Iswandi, A.Md',NULL,'2019-10-24 08:15:56',NULL,NULL,NULL,1),
(124,124,'Diah Minarti Rahayu, A.Md',NULL,'2019-10-24 08:15:57',NULL,NULL,NULL,1),
(125,125,'Gunarwan',NULL,'2019-10-24 08:15:57',NULL,NULL,NULL,1),
(126,126,'Priyono Widodo, A.Md',NULL,'2019-10-24 08:15:57',NULL,NULL,NULL,1),
(127,127,'F X Ariyanto Adibowo Sukowati, A.Md',NULL,'2019-10-24 08:15:57',NULL,NULL,NULL,1),
(128,128,'Dedi Febri Martono, A.Md',NULL,'2019-10-24 08:15:57',NULL,NULL,NULL,1),
(129,129,'Surti Widayati, A.Md',NULL,'2019-10-24 08:15:57',NULL,NULL,NULL,1),
(130,130,'Tri Artasari, A.Md',NULL,'2019-10-24 08:15:57',NULL,NULL,NULL,1),
(131,131,'Bayu Patriasari, A.Md',NULL,'2019-10-24 08:15:57',NULL,NULL,NULL,1),
(132,132,'Arum Esthu Domaz Kusumaning Bawono, A.Md',NULL,'2019-10-24 08:15:57',NULL,NULL,NULL,1),
(133,133,'Risma Anggiyani, A.Md',NULL,'2019-10-24 08:15:57',NULL,NULL,NULL,1),
(134,134,'Titik Kurniawati, A.Md',NULL,'2019-10-24 08:15:57',NULL,NULL,NULL,1),
(135,135,'Yuli Setia Wati, A.Md',NULL,'2019-10-24 08:15:57',NULL,NULL,NULL,1),
(136,136,'Agus Setiawan',NULL,'2019-10-24 08:15:57',NULL,NULL,NULL,1),
(137,137,'Tiyas Cahyani, A.Md',NULL,'2019-10-24 08:15:57',NULL,NULL,NULL,1),
(138,138,'Marina Wulandari, A.Md',NULL,'2019-10-24 08:15:57',NULL,NULL,NULL,1),
(139,139,'Achmad Sabiqun Nahar, A.Md',NULL,'2019-10-24 08:15:57',NULL,NULL,NULL,1),
(140,140,'Akhmad Kurniawan, S. Kom',NULL,'2019-10-24 08:15:57',NULL,NULL,NULL,1),
(141,141,'Beny Oktavianto , S.Kom',NULL,'2019-10-24 08:15:57',NULL,NULL,NULL,1),
(142,142,'Krestiana Evelyn, A.Md',NULL,'2019-10-24 08:15:57',NULL,NULL,NULL,1),
(143,143,'Muhamad Muji Amin, A.Md',NULL,'2019-10-24 08:15:57',NULL,NULL,NULL,1),
(144,144,'Ninda Tiara, A.Md',NULL,'2019-10-24 08:15:57',NULL,NULL,NULL,1),
(145,145,'Puji Winarsih, A.Md',NULL,'2019-10-24 08:15:57',NULL,NULL,NULL,1),
(146,146,'Radmoko Nugroho, A.Md',NULL,'2019-10-24 08:15:57',NULL,NULL,NULL,1),
(147,147,'Seno Utomo Suprianto, A.Md',NULL,'2019-10-24 08:15:57',NULL,NULL,NULL,1),
(148,148,'Sri Gusneli, A.Md',NULL,'2019-10-24 08:15:57',NULL,NULL,NULL,1),
(149,149,'Dewi Sri Melati, A.Md',NULL,'2019-10-24 08:15:57',NULL,NULL,NULL,1),
(150,150,'Ulvina Haviza, A.Md',NULL,'2019-10-24 08:15:57',NULL,NULL,NULL,1),
(151,151,'Andika Satriya Perdana, A.Md',NULL,'2019-10-24 08:15:57',NULL,NULL,NULL,1),
(152,152,'Asri Nugraheni, A.Md',NULL,'2019-10-24 08:15:57',NULL,NULL,NULL,1),
(153,153,'Dini Elisa Setiatri, A.Md',NULL,'2019-10-24 08:15:57',NULL,NULL,NULL,1),
(154,154,'Emi Jarwati, A.Md',NULL,'2019-10-24 08:15:57',NULL,NULL,NULL,1),
(155,155,'Winda Wahyuningtyas, A.Md',NULL,'2019-10-24 08:15:58',NULL,NULL,NULL,1),
(156,156,'Wulandari, A.Md',NULL,'2019-10-24 08:15:58',NULL,NULL,NULL,1),
(157,157,'Bambang Kuncoro, A.Md',NULL,'2019-10-24 08:15:58',NULL,NULL,NULL,1),
(158,158,'Devi Afrilia Putri, A.Md',NULL,'2019-10-24 08:15:58',NULL,NULL,NULL,1),
(159,159,'Dwi Haryanto, A.Md',NULL,'2019-10-24 08:15:58',NULL,NULL,NULL,1),
(160,160,'Fajria Renietaningtyas Masyrurroh, A.Md',NULL,'2019-10-24 08:15:58',NULL,NULL,NULL,1),
(161,161,'Hendi Kristyantoro, A.Md',NULL,'2019-10-24 08:15:58',NULL,NULL,NULL,1),
(162,162,'Oci Hendra Satria, A.Md',NULL,'2019-10-24 08:15:58',NULL,NULL,NULL,1),
(163,163,'Gandis Gayatri, A.Md',NULL,'2019-10-24 08:15:58',NULL,NULL,NULL,1),
(164,164,'Catur Rahmawati Tejaningrum, A.Md',NULL,'2019-10-24 08:15:58',NULL,NULL,NULL,1),
(165,165,'Dina Kurniati, A.Md',NULL,'2019-10-24 08:15:58',NULL,NULL,NULL,1),
(166,166,'Dwi Anggraita Amirulah, A.Md',NULL,'2019-10-24 08:15:58',NULL,NULL,NULL,1),
(167,167,'Dwi Ayuni, A.Md',NULL,'2019-10-24 08:15:58',NULL,NULL,NULL,1),
(168,168,'Hanif Aulia Rahman, A.Md',NULL,'2019-10-24 08:15:58',NULL,NULL,NULL,1),
(169,169,'Rizaq Kusumastuti Azizar, A.Md',NULL,'2019-10-24 08:15:58',NULL,NULL,NULL,1),
(170,170,'Vonni Rahmah Ningsih, A.Md',NULL,'2019-10-24 08:15:58',NULL,NULL,NULL,1),
(171,171,'Wisnu Partikelir, A.Md',NULL,'2019-10-24 08:15:58',NULL,NULL,NULL,1),
(172,172,'Endra Permana, A.Md',NULL,'2019-10-24 08:15:58',NULL,NULL,NULL,1),
(173,173,'Laily Dzatinnuha, A.Md',NULL,'2019-10-24 08:15:58',NULL,NULL,NULL,1),
(174,174,'Tiara Puspita Aji, A.Md',NULL,'2019-10-24 08:15:58',NULL,NULL,NULL,1),
(175,175,'Likantini, S.ST.Ars',NULL,'2019-10-24 08:15:58',NULL,NULL,NULL,1),
(176,176,'Astuti Rahayu, S.ST.Ars',NULL,'2019-10-24 08:15:58',NULL,NULL,NULL,1),
(177,177,'Purwanto, S.ST.Ars',NULL,'2019-10-24 08:15:58',NULL,NULL,NULL,1),
(178,178,'Achmad Hamsari, S.ST. Ars',NULL,'2019-10-24 08:15:58',NULL,NULL,NULL,1),
(179,179,'Abdul Azis, S.ST. Ars',NULL,'2019-10-24 08:15:58',NULL,NULL,NULL,1),
(180,180,'Ali Purnomo, S.ST.Ars',NULL,'2019-10-24 08:15:58',NULL,NULL,NULL,1),
(181,181,'Zainuddin, S.ST.Ars',NULL,'2019-10-24 08:15:58',NULL,NULL,NULL,1),
(182,182,'Rudy Arnanjaya, S.Sos, M.A.P',NULL,'2019-10-24 08:15:58',NULL,NULL,NULL,1),
(183,183,'Hendy Wiratama, SE',NULL,'2019-10-24 08:15:59',NULL,NULL,NULL,1),
(184,184,'Ghesa Ririan Mitalia, S.Hum',NULL,'2019-10-24 08:15:59',NULL,NULL,NULL,1),
(185,185,'Andriea Salamun, S.Sos',NULL,'2019-10-24 08:15:59',NULL,NULL,NULL,1),
(186,186,'Bening Tri Hanggoro, S.S.',NULL,'2019-10-24 08:15:59',NULL,NULL,NULL,1),
(187,187,'Dwi Ari Wibowo, S.S.',NULL,'2019-10-24 08:15:59',NULL,NULL,NULL,1),
(188,188,'Layla Rahmadanty, S.A.N',NULL,'2019-10-24 08:15:59',NULL,NULL,NULL,1),
(189,189,'Sri Purwati, S.Si',NULL,'2019-10-24 08:15:59',NULL,NULL,NULL,1),
(190,190,'Hasna Fuadilla Hidayati, S.Hum',NULL,'2019-10-24 08:15:59',NULL,NULL,NULL,1),
(191,191,'Shinta Agustin, S.S',NULL,'2019-10-24 08:15:59',NULL,NULL,NULL,1),
(192,192,'Dwi Rendy Maulana, S.Hum',NULL,'2019-10-24 08:15:59',NULL,NULL,NULL,1),
(193,193,'Ika Tantri Apsitasari, S.S.',NULL,'2019-10-24 08:15:59',NULL,NULL,NULL,1),
(194,194,'Muji Rahayu, S.Kom',NULL,'2019-10-24 08:15:59',NULL,NULL,NULL,1),
(195,195,'Andhika Budi Prasetyo, S.H.',NULL,'2019-10-24 08:15:59',NULL,NULL,NULL,1),
(196,196,'Annarizky Putri, S.I.A.',NULL,'2019-10-24 08:15:59',NULL,NULL,NULL,1),
(197,197,'Kartini, S.SOS',NULL,'2019-10-24 08:15:59',NULL,NULL,NULL,1),
(198,198,'Samsudin, S.SOS',NULL,'2019-10-24 08:15:59',NULL,NULL,NULL,1),
(199,199,'Afif Akhda Luqman, S.IP',NULL,'2019-10-24 08:15:59',NULL,NULL,NULL,1),
(200,200,'Rias Fitriana Indriyati, S.IP',NULL,'2019-10-24 08:15:59',NULL,NULL,NULL,1),
(201,201,'Siti Rubiati, S.IP',NULL,'2019-10-24 08:15:59',NULL,NULL,NULL,1),
(202,202,'Lisa Nurlaila Ningsih, SAP',NULL,'2019-10-24 08:15:59',NULL,NULL,NULL,1),
(203,203,'Fiorita Regina, S. Sos',NULL,'2019-10-24 08:15:59',NULL,NULL,NULL,1),
(204,204,'Edy Mardianto, S.ST.Ars',NULL,'2019-10-24 08:15:59',NULL,NULL,NULL,1),
(205,205,'Puji Handayani, A.Md',NULL,'2019-10-24 08:15:59',NULL,NULL,NULL,1),
(206,206,'Christine Dian Emawati, A.Md',NULL,'2019-10-24 08:15:59',NULL,NULL,NULL,1),
(207,207,'Firmansyah, A.MD.Graf',NULL,'2019-10-24 08:15:59',NULL,NULL,NULL,1);

/*Table structure for table `backbone_role` */

DROP TABLE IF EXISTS `backbone_role`;

CREATE TABLE `backbone_role` (
  `id_role` int(11) NOT NULL AUTO_INCREMENT,
  `nama_role` varchar(100) DEFAULT NULL,
  `is_public_role` tinyint(4) DEFAULT '1',
  `created_date` datetime DEFAULT CURRENT_TIMESTAMP,
  `created_by` varchar(200) DEFAULT NULL,
  `modified_date` datetime DEFAULT NULL,
  `modified_by` varchar(200) DEFAULT NULL,
  `record_active` tinyint(4) DEFAULT '1',
  PRIMARY KEY (`id_role`)
) ENGINE=InnoDB AUTO_INCREMENT=6 DEFAULT CHARSET=latin1;

/*Data for the table `backbone_role` */

insert  into `backbone_role`(`id_role`,`nama_role`,`is_public_role`,`created_date`,`created_by`,`modified_date`,`modified_by`,`record_active`) values 
(1,'admin',0,'2019-10-14 08:35:17',NULL,'2019-10-28 00:00:00','',1),
(2,'sekretaris',1,'2019-10-14 08:35:38',NULL,'2019-10-28 00:00:00','',1),
(3,'penilai',1,'2019-10-14 08:35:44',NULL,'2019-10-29 00:00:00','',1),
(4,'arsiparis',1,'2019-10-14 08:35:54',NULL,'2019-10-17 00:00:00','',1),
(5,'tester',1,'2019-10-14 10:10:57',NULL,NULL,NULL,1);

/*Table structure for table `backbone_user` */

DROP TABLE IF EXISTS `backbone_user`;

CREATE TABLE `backbone_user` (
  `id_user` bigint(20) NOT NULL AUTO_INCREMENT,
  `username` varchar(60) DEFAULT NULL,
  `password` varchar(80) DEFAULT NULL,
  `last_login` datetime DEFAULT NULL,
  `last_ip` varchar(25) DEFAULT NULL,
  `created_date` datetime DEFAULT CURRENT_TIMESTAMP,
  `created_by` varchar(200) DEFAULT NULL,
  `modified_date` datetime DEFAULT NULL,
  `modified_by` varchar(200) DEFAULT NULL,
  `record_active` tinyint(4) DEFAULT '1',
  PRIMARY KEY (`id_user`)
) ENGINE=InnoDB AUTO_INCREMENT=208 DEFAULT CHARSET=latin1;

/*Data for the table `backbone_user` */

insert  into `backbone_user`(`id_user`,`username`,`password`,`last_login`,`last_ip`,`created_date`,`created_by`,`modified_date`,`modified_by`,`record_active`) values 
(1,'administrator','83bbf9a6787dd9e6e83994356f6d15fe::5OTR4Gc6kMA3iyRq',NULL,NULL,'2019-10-14 10:09:11',NULL,NULL,NULL,1),
(2,'admin','e52491d04b6c546aebc6535f9902a209::yDDgCDFRzTXQnamO',NULL,NULL,'2019-10-14 10:09:14',NULL,'2019-10-24 00:00:00','',1),
(3,'tester','9ae3a64d99d0fdeb703f35f2cb0d7c8b::jKMg5g5PNn0WoQRM',NULL,NULL,'2019-10-14 10:09:16',NULL,NULL,NULL,1),
(4,'testersekretaris','2bfd8762f070886e79d3d6af9af848b3::JeOhXsV9I1dgTMse',NULL,NULL,'2019-10-14 10:13:00',NULL,NULL,NULL,1),
(5,'testerpenilai','ad044a60f85da99d7fdc1ea54e28b659::R2kTHIPuH4HCEPZF',NULL,NULL,'2019-10-14 10:13:32',NULL,NULL,NULL,1),
(6,'testerarsiparis','75dd25ea9099e0e78d3407b46e8d747a::PwAe5CSBW5Q9IpeC',NULL,NULL,'2019-10-14 10:13:56',NULL,NULL,NULL,1),
(7,'197004261993012001','123',NULL,NULL,'2019-10-24 08:10:31',NULL,NULL,NULL,1),
(8,'196809021995031001','123',NULL,NULL,'2019-10-24 08:10:31',NULL,NULL,NULL,1),
(9,'197507271997031001','123',NULL,NULL,'2019-10-24 08:10:31',NULL,NULL,NULL,1),
(10,'197604162000032001','123',NULL,NULL,'2019-10-24 08:10:31',NULL,NULL,NULL,1),
(11,'197707152001121001','123',NULL,NULL,'2019-10-24 08:10:31',NULL,NULL,NULL,1),
(12,'197904012002122001','123',NULL,NULL,'2019-10-24 08:10:31',NULL,NULL,NULL,1),
(13,'197807302003121001','123',NULL,NULL,'2019-10-24 08:10:31',NULL,NULL,NULL,1),
(14,'197706012005012001','123',NULL,NULL,'2019-10-24 08:10:31',NULL,NULL,NULL,1),
(15,'198105282006042005','123',NULL,NULL,'2019-10-24 08:10:31',NULL,NULL,NULL,1),
(16,'197905242006041003','123',NULL,NULL,'2019-10-24 08:10:31',NULL,NULL,NULL,1),
(17,'197910172008011007','123',NULL,NULL,'2019-10-24 08:10:31',NULL,NULL,NULL,1),
(18,'198010182009011005','123',NULL,NULL,'2019-10-24 08:10:31',NULL,NULL,NULL,1),
(19,'197712152009011003','123',NULL,NULL,'2019-10-24 08:10:31',NULL,NULL,NULL,1),
(20,'198701232009121001','123',NULL,NULL,'2019-10-24 08:10:31',NULL,NULL,NULL,1),
(21,'196008061978121001','123',NULL,NULL,'2019-10-24 08:10:31',NULL,NULL,NULL,1),
(22,'196312241982021001','123',NULL,NULL,'2019-10-24 08:10:31',NULL,NULL,NULL,1),
(23,'196504041985121002','123',NULL,NULL,'2019-10-24 08:10:31',NULL,NULL,NULL,1),
(24,'196905201991031001','123',NULL,NULL,'2019-10-24 08:10:31',NULL,NULL,NULL,1),
(25,'197104141991032001','123',NULL,NULL,'2019-10-24 08:10:31',NULL,NULL,NULL,1),
(26,'197204241992032001','123',NULL,NULL,'2019-10-24 08:10:31',NULL,NULL,NULL,1),
(27,'197208211992032001','123',NULL,NULL,'2019-10-24 08:10:31',NULL,NULL,NULL,1),
(28,'196609131992031001','123',NULL,NULL,'2019-10-24 08:10:31',NULL,NULL,NULL,1),
(29,'197506021997031001','123',NULL,NULL,'2019-10-24 08:10:32',NULL,NULL,NULL,1),
(30,'197101091997031009','123',NULL,NULL,'2019-10-24 08:10:32',NULL,NULL,NULL,1),
(31,'197504251997031001','123',NULL,NULL,'2019-10-24 08:10:32',NULL,NULL,NULL,1),
(32,'197705231998031001','123',NULL,NULL,'2019-10-24 08:10:32',NULL,NULL,NULL,1),
(33,'197802141998032001','123',NULL,NULL,'2019-10-24 08:10:32',NULL,NULL,NULL,1),
(34,'197504301998032001','123',NULL,NULL,'2019-10-24 08:10:32',NULL,NULL,NULL,1),
(35,'198003202001122001','123',NULL,NULL,'2019-10-24 08:10:32',NULL,NULL,NULL,1),
(36,'197804302001122001','123',NULL,NULL,'2019-10-24 08:10:32',NULL,NULL,NULL,1),
(37,'197912222002122001','123',NULL,NULL,'2019-10-24 08:10:32',NULL,NULL,NULL,1),
(38,'197812012003122001','123',NULL,NULL,'2019-10-24 08:10:32',NULL,NULL,NULL,1),
(39,'197904242003122001','123',NULL,NULL,'2019-10-24 08:10:32',NULL,NULL,NULL,1),
(40,'197710122005011001','123',NULL,NULL,'2019-10-24 08:10:32',NULL,NULL,NULL,1),
(41,'197805132005011001','123',NULL,NULL,'2019-10-24 08:10:32',NULL,NULL,NULL,1),
(42,'198003012006042005','123',NULL,NULL,'2019-10-24 08:10:32',NULL,NULL,NULL,1),
(43,'197310252006041002','123',NULL,NULL,'2019-10-24 08:10:32',NULL,NULL,NULL,1),
(44,'197906062006042006','123',NULL,NULL,'2019-10-24 08:10:32',NULL,NULL,NULL,1),
(45,'198310242008012015','123',NULL,NULL,'2019-10-24 08:10:32',NULL,NULL,NULL,1),
(46,'198312142008011005','123',NULL,NULL,'2019-10-24 08:10:32',NULL,NULL,NULL,1),
(47,'198304032008011005','123',NULL,NULL,'2019-10-24 08:10:32',NULL,NULL,NULL,1),
(48,'198004302008012015','123',NULL,NULL,'2019-10-24 08:10:32',NULL,NULL,NULL,1),
(49,'198401032009011002','123',NULL,NULL,'2019-10-24 08:10:32',NULL,NULL,NULL,1),
(50,'198301042009012003','123',NULL,NULL,'2019-10-24 08:10:32',NULL,NULL,NULL,1),
(51,'198204132009121003','123',NULL,NULL,'2019-10-24 08:10:32',NULL,NULL,NULL,1),
(52,'198101192009121001','123',NULL,NULL,'2019-10-24 08:10:32',NULL,NULL,NULL,1),
(53,'198106282009122001','123',NULL,NULL,'2019-10-24 08:10:32',NULL,NULL,NULL,1),
(54,'198312062009122004','123',NULL,NULL,'2019-10-24 08:10:32',NULL,NULL,NULL,1),
(55,'198706212009121005','123',NULL,NULL,'2019-10-24 08:10:32',NULL,NULL,NULL,1),
(56,'198710142009122002','123',NULL,NULL,'2019-10-24 08:10:32',NULL,NULL,NULL,1),
(57,'198003172009121001','123',NULL,NULL,'2019-10-24 08:10:33',NULL,NULL,NULL,1),
(58,'198405292009122002','123',NULL,NULL,'2019-10-24 08:10:33',NULL,NULL,NULL,1),
(59,'198106222009121001','123',NULL,NULL,'2019-10-24 08:10:33',NULL,NULL,NULL,1),
(60,'198703112009121003','123',NULL,NULL,'2019-10-24 08:10:33',NULL,NULL,NULL,1),
(61,'198712022010121003','123',NULL,NULL,'2019-10-24 08:10:33',NULL,NULL,NULL,1),
(62,'198710312010121004','123',NULL,NULL,'2019-10-24 08:10:33',NULL,NULL,NULL,1),
(63,'198205272010121002','123',NULL,NULL,'2019-10-24 08:10:33',NULL,NULL,NULL,1),
(64,'198507102010122003','123',NULL,NULL,'2019-10-24 08:10:33',NULL,NULL,NULL,1),
(65,'196710151991032001','123',NULL,NULL,'2019-10-24 08:10:33',NULL,NULL,NULL,1),
(66,'198507152009011001','123',NULL,NULL,'2019-10-24 08:10:33',NULL,NULL,NULL,1),
(67,'198611062009122003','123',NULL,NULL,'2019-10-24 08:10:33',NULL,NULL,NULL,1),
(68,'198109112009121002','123',NULL,NULL,'2019-10-24 08:10:33',NULL,NULL,NULL,1),
(69,'196303051985031001','123',NULL,NULL,'2019-10-24 08:10:33',NULL,NULL,NULL,1),
(70,'197209071998031001','123',NULL,NULL,'2019-10-24 08:10:33',NULL,NULL,NULL,1),
(71,'197312211998032001','123',NULL,NULL,'2019-10-24 08:10:33',NULL,NULL,NULL,1),
(72,'197702072000031001','123',NULL,NULL,'2019-10-24 08:10:33',NULL,NULL,NULL,1),
(73,'197708122001121001','123',NULL,NULL,'2019-10-24 08:10:33',NULL,NULL,NULL,1),
(74,'197807152002122001','123',NULL,NULL,'2019-10-24 08:10:33',NULL,NULL,NULL,1),
(75,'197904122002121001','123',NULL,NULL,'2019-10-24 08:10:33',NULL,NULL,NULL,1),
(76,'198211302009011003','123',NULL,NULL,'2019-10-24 08:10:33',NULL,NULL,NULL,1),
(77,'197508142009121001','b27ada8928245bf7f8f967b44db46c85::R1I22J1957dQLsYp',NULL,NULL,'2019-10-24 08:10:33',NULL,'2019-10-28 00:00:00','',1),
(78,'198205052009121004','123',NULL,NULL,'2019-10-24 08:10:33',NULL,NULL,NULL,1),
(79,'198609132009122004','123',NULL,NULL,'2019-10-24 08:10:33',NULL,NULL,NULL,1),
(80,'198010282009121001','123',NULL,NULL,'2019-10-24 08:10:33',NULL,NULL,NULL,1),
(81,'197806202009122001','123',NULL,NULL,'2019-10-24 08:10:33',NULL,NULL,NULL,1),
(82,'197604042009121001','123',NULL,NULL,'2019-10-24 08:10:33',NULL,NULL,NULL,1),
(83,'198409102009122003','123',NULL,NULL,'2019-10-24 08:10:34',NULL,NULL,NULL,1),
(84,'198505212009122002','123',NULL,NULL,'2019-10-24 08:10:34',NULL,NULL,NULL,1),
(85,'198709102009122001','123',NULL,NULL,'2019-10-24 08:10:34',NULL,NULL,NULL,1),
(86,'198709292009122004','123',NULL,NULL,'2019-10-24 08:10:34',NULL,NULL,NULL,1),
(87,'197701052009122001','123',NULL,NULL,'2019-10-24 08:10:34',NULL,NULL,NULL,1),
(88,'198206112009122002','123',NULL,NULL,'2019-10-24 08:10:34',NULL,NULL,NULL,1),
(89,'198506122009121004','123',NULL,NULL,'2019-10-24 08:10:34',NULL,NULL,NULL,1),
(90,'198303012009121003','123',NULL,NULL,'2019-10-24 08:10:34',NULL,NULL,NULL,1),
(91,'198311202009121001','123',NULL,NULL,'2019-10-24 08:10:34',NULL,NULL,NULL,1),
(92,'198311022009122001','123',NULL,NULL,'2019-10-24 08:10:34',NULL,NULL,NULL,1),
(93,'198308252010121001','123',NULL,NULL,'2019-10-24 08:10:34',NULL,NULL,NULL,1),
(94,'198709142010122006','123',NULL,NULL,'2019-10-24 08:10:34',NULL,NULL,NULL,1),
(95,'198807092010122002','123',NULL,NULL,'2019-10-24 08:10:34',NULL,NULL,NULL,1),
(96,'198312142010122001','123',NULL,NULL,'2019-10-24 08:10:34',NULL,NULL,NULL,1),
(97,'198406142010122005','123',NULL,NULL,'2019-10-24 08:10:34',NULL,NULL,NULL,1),
(98,'198701232010122002','123',NULL,NULL,'2019-10-24 08:10:34',NULL,NULL,NULL,1),
(99,'198710162010121008','123',NULL,NULL,'2019-10-24 08:10:34',NULL,NULL,NULL,1),
(100,'197611292010121001','123',NULL,NULL,'2019-10-24 08:10:34',NULL,NULL,NULL,1),
(101,'198207162010122002','123',NULL,NULL,'2019-10-24 08:10:34',NULL,NULL,NULL,1),
(102,'198204192010121001','123',NULL,NULL,'2019-10-24 08:10:34',NULL,NULL,NULL,1),
(103,'198605092010121004','123',NULL,NULL,'2019-10-24 08:10:34',NULL,NULL,NULL,1),
(104,'198811202010122005','123',NULL,NULL,'2019-10-24 08:10:34',NULL,NULL,NULL,1),
(105,'198806282010122010','123',NULL,NULL,'2019-10-24 08:10:34',NULL,NULL,NULL,1),
(106,'198203032006041009','123',NULL,NULL,'2019-10-24 08:10:34',NULL,NULL,NULL,1),
(107,'196205261980121001','123',NULL,NULL,'2019-10-24 08:10:34',NULL,NULL,NULL,1),
(108,'196306031983031001','123',NULL,NULL,'2019-10-24 08:10:34',NULL,NULL,NULL,1),
(109,'196210251986021001','123',NULL,NULL,'2019-10-24 08:10:35',NULL,NULL,NULL,1),
(110,'196210021987032001','123',NULL,NULL,'2019-10-24 08:10:35',NULL,NULL,NULL,1),
(111,'197006151993012001','123',NULL,NULL,'2019-10-24 08:10:35',NULL,NULL,NULL,1),
(112,'196905051993032001','123',NULL,NULL,'2019-10-24 08:10:35',NULL,NULL,NULL,1),
(113,'197409241996032001','123',NULL,NULL,'2019-10-24 08:10:35',NULL,NULL,NULL,1),
(114,'197405081997031001','123',NULL,NULL,'2019-10-24 08:10:35',NULL,NULL,NULL,1),
(115,'196504041985121001','123',NULL,NULL,'2019-10-24 08:10:35',NULL,NULL,NULL,1),
(116,'197603271997031001','123',NULL,NULL,'2019-10-24 08:10:35',NULL,NULL,NULL,1),
(117,'197611121997031001','123',NULL,NULL,'2019-10-24 08:10:35',NULL,NULL,NULL,1),
(118,'197911082006042004','123',NULL,NULL,'2019-10-24 08:10:35',NULL,NULL,NULL,1),
(119,'198410032009011002','123',NULL,NULL,'2019-10-24 08:10:35',NULL,NULL,NULL,1),
(120,'198707312009122001','123',NULL,NULL,'2019-10-24 08:10:35',NULL,NULL,NULL,1),
(121,'198801272009122003','123',NULL,NULL,'2019-10-24 08:10:35',NULL,NULL,NULL,1),
(122,'198401012009122002','123',NULL,NULL,'2019-10-24 08:10:35',NULL,NULL,NULL,1),
(123,'198012192009121002','123',NULL,NULL,'2019-10-24 08:10:35',NULL,NULL,NULL,1),
(124,'198308142010122004','123',NULL,NULL,'2019-10-24 08:10:35',NULL,NULL,NULL,1),
(125,'196106291986011003','8612c491cd3c1faa973d7129cc039f67::GfLqzT9OEhAW2zZN',NULL,NULL,'2019-10-24 08:10:35',NULL,'2019-10-28 00:00:00','',1),
(126,'197303221998031001','123',NULL,NULL,'2019-10-24 08:10:35',NULL,NULL,NULL,1),
(127,'197706162005011001','123',NULL,NULL,'2019-10-24 08:10:35',NULL,NULL,NULL,1),
(128,'198402012008011007','123',NULL,NULL,'2019-10-24 08:10:35',NULL,NULL,NULL,1),
(129,'198601052008012001','123',NULL,NULL,'2019-10-24 08:10:35',NULL,NULL,NULL,1),
(130,'198601062008012001','123',NULL,NULL,'2019-10-24 08:10:35',NULL,NULL,NULL,1),
(131,'198403272009012003','123',NULL,NULL,'2019-10-24 08:10:35',NULL,NULL,NULL,1),
(132,'198604162009122006','123',NULL,NULL,'2019-10-24 08:10:35',NULL,NULL,NULL,1),
(133,'198509212009122003','123',NULL,NULL,'2019-10-24 08:10:35',NULL,NULL,NULL,1),
(134,'198312142009122002','123',NULL,NULL,'2019-10-24 08:10:35',NULL,NULL,NULL,1),
(135,'198407242009122003','123',NULL,NULL,'2019-10-24 08:10:35',NULL,NULL,NULL,1),
(136,'197108071997031001','123',NULL,NULL,'2019-10-24 08:10:35',NULL,NULL,NULL,1),
(137,'198402152006042003','123',NULL,NULL,'2019-10-24 08:10:36',NULL,NULL,NULL,1),
(138,'198003072008012023','123',NULL,NULL,'2019-10-24 08:10:36',NULL,NULL,NULL,1),
(139,'198502122009121002','123',NULL,NULL,'2019-10-24 08:10:36',NULL,NULL,NULL,1),
(140,'198204222009121001','123',NULL,NULL,'2019-10-24 08:10:36',NULL,NULL,NULL,1),
(141,'198010052009121001','123',NULL,NULL,'2019-10-24 08:10:36',NULL,NULL,NULL,1),
(142,'198401202009122001','123',NULL,NULL,'2019-10-24 08:10:36',NULL,NULL,NULL,1),
(143,'198009062009121003','123',NULL,NULL,'2019-10-24 08:10:36',NULL,NULL,NULL,1),
(144,'198509212009122002','123',NULL,NULL,'2019-10-24 08:10:36',NULL,NULL,NULL,1),
(145,'198402212009122002','123',NULL,NULL,'2019-10-24 08:10:36',NULL,NULL,NULL,1),
(146,'197412092009121001','123',NULL,NULL,'2019-10-24 08:10:36',NULL,NULL,NULL,1),
(147,'198203172009121003','123',NULL,NULL,'2019-10-24 08:10:36',NULL,NULL,NULL,1),
(148,'198710302009122003','123',NULL,NULL,'2019-10-24 08:10:36',NULL,NULL,NULL,1),
(149,'197805172009122001','123',NULL,NULL,'2019-10-24 08:10:36',NULL,NULL,NULL,1),
(150,'198912102010122004','123',NULL,NULL,'2019-10-24 08:10:36',NULL,NULL,NULL,1),
(151,'198407162009011003','123',NULL,NULL,'2019-10-24 08:10:36',NULL,NULL,NULL,1),
(152,'199107152014032005','123',NULL,NULL,'2019-10-24 08:10:36',NULL,NULL,NULL,1),
(153,'199110032014032001','123',NULL,NULL,'2019-10-24 08:10:36',NULL,NULL,NULL,1),
(154,'199201032014032001','123',NULL,NULL,'2019-10-24 08:10:36',NULL,NULL,NULL,1),
(155,'199009032014032001','123',NULL,NULL,'2019-10-24 08:10:36',NULL,NULL,NULL,1),
(156,'198609122009122001','123',NULL,NULL,'2019-10-24 08:10:36',NULL,NULL,NULL,1),
(157,'198105042010121003','123',NULL,NULL,'2019-10-24 08:10:36',NULL,NULL,NULL,1),
(158,'199104302014032002','123',NULL,NULL,'2019-10-24 08:10:37',NULL,NULL,NULL,1),
(159,'199002222014031005','123',NULL,NULL,'2019-10-24 08:10:37',NULL,NULL,NULL,1),
(160,'199109202014032002','123',NULL,NULL,'2019-10-24 08:10:37',NULL,NULL,NULL,1),
(161,'198604112014031001','123',NULL,NULL,'2019-10-24 08:10:37',NULL,NULL,NULL,1),
(162,'198610142014031002','123',NULL,NULL,'2019-10-24 08:10:37',NULL,NULL,NULL,1),
(163,'199312092015032002','123',NULL,NULL,'2019-10-24 08:10:37',NULL,NULL,NULL,1),
(164,'198204302010012013','123',NULL,NULL,'2019-10-24 08:10:37',NULL,NULL,NULL,1),
(165,'198601272014032002','123',NULL,NULL,'2019-10-24 08:10:37',NULL,NULL,NULL,1),
(166,'198809032014031001','123',NULL,NULL,'2019-10-24 08:10:37',NULL,NULL,NULL,1),
(167,'199206022014032001','123',NULL,NULL,'2019-10-24 08:10:37',NULL,NULL,NULL,1),
(168,'199205282014031001','123',NULL,NULL,'2019-10-24 08:10:37',NULL,NULL,NULL,1),
(169,'199106062014032002','123',NULL,NULL,'2019-10-24 08:10:37',NULL,NULL,NULL,1),
(170,'199005222014032004','123',NULL,NULL,'2019-10-24 08:10:37',NULL,NULL,NULL,1),
(171,'199210012014031002','123',NULL,NULL,'2019-10-24 08:10:37',NULL,NULL,NULL,1),
(172,'199206112015031004','123',NULL,NULL,'2019-10-24 08:10:37',NULL,NULL,NULL,1),
(173,'198710312015032002','123',NULL,NULL,'2019-10-24 08:10:37',NULL,NULL,NULL,1),
(174,'199306192015032003','123',NULL,NULL,'2019-10-24 08:10:37',NULL,NULL,NULL,1),
(175,'196909231992032001','123',NULL,NULL,'2019-10-24 08:10:37',NULL,NULL,NULL,1),
(176,'197111251992032001','123',NULL,NULL,'2019-10-24 08:10:37',NULL,NULL,NULL,1),
(177,'196711171992031001','123',NULL,NULL,'2019-10-24 08:10:37',NULL,NULL,NULL,1),
(178,'197405031997031001','123',NULL,NULL,'2019-10-24 08:10:37',NULL,NULL,NULL,1),
(179,'197212131997031001','123',NULL,NULL,'2019-10-24 08:10:37',NULL,NULL,NULL,1),
(180,'197807152002121001','123',NULL,NULL,'2019-10-24 08:10:37',NULL,NULL,NULL,1),
(181,'198102082005011001','123',NULL,NULL,'2019-10-24 08:10:37',NULL,NULL,NULL,1),
(182,'197811272006041004','123',NULL,NULL,'2019-10-24 08:10:38',NULL,NULL,NULL,1),
(183,'198203072009121002','123',NULL,NULL,'2019-10-24 08:10:38',NULL,NULL,NULL,1),
(184,'199006202014032004','123',NULL,NULL,'2019-10-24 08:10:38',NULL,NULL,NULL,1),
(185,'198709272015031002','123',NULL,NULL,'2019-10-24 08:10:38',NULL,NULL,NULL,1),
(186,'198504092015031001','123',NULL,NULL,'2019-10-24 08:10:38',NULL,NULL,NULL,1),
(187,'198805272015031001','123',NULL,NULL,'2019-10-24 08:10:38',NULL,NULL,NULL,1),
(188,'199104222015032002','123',NULL,NULL,'2019-10-24 08:10:38',NULL,NULL,NULL,1),
(189,'199003172015032004','123',NULL,NULL,'2019-10-24 08:10:38',NULL,NULL,NULL,1),
(190,'199112142015032002','123',NULL,NULL,'2019-10-24 08:10:38',NULL,NULL,NULL,1),
(191,'198908152015032002','123',NULL,NULL,'2019-10-24 08:10:38',NULL,NULL,NULL,1),
(192,'198711052015031002','123',NULL,NULL,'2019-10-24 08:10:38',NULL,NULL,NULL,1),
(193,'199204222015032002','123',NULL,NULL,'2019-10-24 08:10:38',NULL,NULL,NULL,1),
(194,'198612262015032004','123',NULL,NULL,'2019-10-24 08:10:38',NULL,NULL,NULL,1),
(195,'198807182015031004','123',NULL,NULL,'2019-10-24 08:10:38',NULL,NULL,NULL,1),
(196,'198908302015032002','123',NULL,NULL,'2019-10-24 08:10:38',NULL,NULL,NULL,1),
(197,'198005312001122001','123',NULL,NULL,'2019-10-24 08:10:38',NULL,NULL,NULL,1),
(198,'197703272002121001','123',NULL,NULL,'2019-10-24 08:10:38',NULL,NULL,NULL,1),
(199,'198911162014031001','123',NULL,NULL,'2019-10-24 08:10:38',NULL,NULL,NULL,1),
(200,'198904292014032002','123',NULL,NULL,'2019-10-24 08:10:38',NULL,NULL,NULL,1),
(201,'198904102014032003','123',NULL,NULL,'2019-10-24 08:10:38',NULL,NULL,NULL,1),
(202,'198009242001122001','123',NULL,NULL,'2019-10-24 08:10:38',NULL,NULL,NULL,1),
(203,'198006092009122001','123',NULL,NULL,'2019-10-24 08:10:38',NULL,NULL,NULL,1),
(204,'196902101987031001','123',NULL,NULL,'2019-10-24 08:10:38',NULL,NULL,NULL,1),
(205,'197612022000032001','123',NULL,NULL,'2019-10-24 08:10:38',NULL,NULL,NULL,1),
(206,'197710272009122001','123',NULL,NULL,'2019-10-24 08:10:38',NULL,NULL,NULL,1),
(207,'198112142009121006','123',NULL,NULL,'2019-10-24 08:10:38',NULL,NULL,NULL,1);

/*Table structure for table `backbone_user_role` */

DROP TABLE IF EXISTS `backbone_user_role`;

CREATE TABLE `backbone_user_role` (
  `id_user_role` bigint(20) NOT NULL AUTO_INCREMENT,
  `id_user` bigint(20) DEFAULT NULL,
  `id_role` int(11) DEFAULT NULL,
  `created_date` datetime DEFAULT CURRENT_TIMESTAMP,
  `created_by` varchar(200) DEFAULT NULL,
  `modified_date` datetime DEFAULT NULL,
  `modified_by` varchar(200) DEFAULT NULL,
  `record_active` tinyint(4) DEFAULT '1',
  PRIMARY KEY (`id_user_role`),
  KEY `fk_backbone_user_role_backbone_role` (`id_role`),
  KEY `fk_backbone_user_role_backbone_user` (`id_user`),
  CONSTRAINT `fk_backbone_user_role_backbone_role` FOREIGN KEY (`id_role`) REFERENCES `backbone_role` (`id_role`),
  CONSTRAINT `fk_backbone_user_role_backbone_user` FOREIGN KEY (`id_user`) REFERENCES `backbone_user` (`id_user`)
) ENGINE=InnoDB AUTO_INCREMENT=232 DEFAULT CHARSET=latin1;

/*Data for the table `backbone_user_role` */

insert  into `backbone_user_role`(`id_user_role`,`id_user`,`id_role`,`created_date`,`created_by`,`modified_date`,`modified_by`,`record_active`) values 
(2,2,1,'2019-10-14 10:11:30',NULL,NULL,NULL,1),
(3,4,2,'2019-10-14 10:15:11',NULL,NULL,NULL,1),
(4,5,3,'2019-10-14 10:15:21',NULL,NULL,NULL,1),
(6,3,5,'2019-10-14 21:39:15','Admin',NULL,NULL,1),
(7,6,4,'2019-10-14 21:39:37','Admin',NULL,NULL,1),
(13,7,4,'2019-10-24 08:31:12',NULL,NULL,NULL,1),
(14,8,4,'2019-10-24 08:31:12',NULL,NULL,NULL,1),
(15,9,4,'2019-10-24 08:31:12',NULL,NULL,NULL,1),
(16,10,4,'2019-10-24 08:31:12',NULL,NULL,NULL,1),
(17,11,4,'2019-10-24 08:31:12',NULL,NULL,NULL,1),
(18,12,4,'2019-10-24 08:31:12',NULL,NULL,NULL,1),
(19,13,4,'2019-10-24 08:31:12',NULL,NULL,NULL,1),
(20,14,4,'2019-10-24 08:31:12',NULL,NULL,NULL,1),
(21,15,4,'2019-10-24 08:31:12',NULL,NULL,NULL,1),
(22,16,4,'2019-10-24 08:31:12',NULL,NULL,NULL,1),
(23,17,4,'2019-10-24 08:31:12',NULL,NULL,NULL,1),
(24,18,4,'2019-10-24 08:31:12',NULL,NULL,NULL,1),
(25,19,4,'2019-10-24 08:31:12',NULL,NULL,NULL,1),
(26,20,4,'2019-10-24 08:31:12',NULL,NULL,NULL,1),
(27,21,4,'2019-10-24 08:31:12',NULL,NULL,NULL,1),
(28,22,4,'2019-10-24 08:31:12',NULL,NULL,NULL,1),
(29,23,4,'2019-10-24 08:31:12',NULL,NULL,NULL,1),
(30,24,4,'2019-10-24 08:31:12',NULL,NULL,NULL,1),
(31,25,4,'2019-10-24 08:31:12',NULL,NULL,NULL,1),
(32,26,4,'2019-10-24 08:31:12',NULL,NULL,NULL,1),
(33,27,4,'2019-10-24 08:31:12',NULL,NULL,NULL,1),
(34,28,4,'2019-10-24 08:31:13',NULL,NULL,NULL,1),
(35,29,4,'2019-10-24 08:31:13',NULL,NULL,NULL,1),
(36,30,4,'2019-10-24 08:31:13',NULL,NULL,NULL,1),
(37,31,4,'2019-10-24 08:31:13',NULL,NULL,NULL,1),
(38,32,4,'2019-10-24 08:31:13',NULL,NULL,NULL,1),
(39,33,4,'2019-10-24 08:31:13',NULL,NULL,NULL,1),
(40,34,4,'2019-10-24 08:31:13',NULL,NULL,NULL,1),
(41,35,4,'2019-10-24 08:31:13',NULL,NULL,NULL,1),
(42,36,4,'2019-10-24 08:31:13',NULL,NULL,NULL,1),
(43,37,4,'2019-10-24 08:31:13',NULL,NULL,NULL,1),
(44,38,4,'2019-10-24 08:31:13',NULL,NULL,NULL,1),
(45,39,4,'2019-10-24 08:31:13',NULL,NULL,NULL,1),
(46,40,4,'2019-10-24 08:31:13',NULL,NULL,NULL,1),
(47,41,4,'2019-10-24 08:31:13',NULL,NULL,NULL,1),
(48,42,4,'2019-10-24 08:31:13',NULL,NULL,NULL,1),
(49,43,4,'2019-10-24 08:31:13',NULL,NULL,NULL,1),
(50,44,4,'2019-10-24 08:31:13',NULL,NULL,NULL,1),
(51,45,4,'2019-10-24 08:31:13',NULL,NULL,NULL,1),
(52,46,4,'2019-10-24 08:31:13',NULL,NULL,NULL,1),
(53,47,4,'2019-10-24 08:31:13',NULL,NULL,NULL,1),
(54,48,4,'2019-10-24 08:31:13',NULL,NULL,NULL,1),
(55,49,4,'2019-10-24 08:31:13',NULL,NULL,NULL,1),
(56,50,4,'2019-10-24 08:31:13',NULL,NULL,NULL,1),
(57,51,4,'2019-10-24 08:31:13',NULL,NULL,NULL,1),
(58,52,4,'2019-10-24 08:31:14',NULL,NULL,NULL,1),
(59,53,4,'2019-10-24 08:31:14',NULL,NULL,NULL,1),
(60,54,4,'2019-10-24 08:31:14',NULL,NULL,NULL,1),
(61,55,4,'2019-10-24 08:31:14',NULL,NULL,NULL,1),
(62,56,4,'2019-10-24 08:31:14',NULL,NULL,NULL,1),
(63,57,4,'2019-10-24 08:31:14',NULL,NULL,NULL,1),
(64,58,4,'2019-10-24 08:31:14',NULL,NULL,NULL,1),
(65,59,4,'2019-10-24 08:31:14',NULL,NULL,NULL,1),
(66,60,4,'2019-10-24 08:31:14',NULL,NULL,NULL,1),
(67,61,4,'2019-10-24 08:31:14',NULL,NULL,NULL,1),
(68,62,4,'2019-10-24 08:31:14',NULL,NULL,NULL,1),
(69,63,4,'2019-10-24 08:31:14',NULL,NULL,NULL,1),
(70,64,4,'2019-10-24 08:31:14',NULL,NULL,NULL,1),
(71,65,4,'2019-10-24 08:31:14',NULL,NULL,NULL,1),
(72,66,4,'2019-10-24 08:31:14',NULL,NULL,NULL,1),
(73,67,4,'2019-10-24 08:31:14',NULL,NULL,NULL,1),
(74,68,4,'2019-10-24 08:31:14',NULL,NULL,NULL,1),
(75,69,4,'2019-10-24 08:31:14',NULL,NULL,NULL,1),
(76,70,4,'2019-10-24 08:31:14',NULL,NULL,NULL,1),
(77,71,4,'2019-10-24 08:31:14',NULL,NULL,NULL,1),
(78,72,4,'2019-10-24 08:31:14',NULL,NULL,NULL,1),
(79,73,4,'2019-10-24 08:31:14',NULL,NULL,NULL,1),
(80,74,4,'2019-10-24 08:31:14',NULL,NULL,NULL,1),
(81,75,4,'2019-10-24 08:31:14',NULL,NULL,NULL,1),
(82,76,4,'2019-10-24 08:31:14',NULL,NULL,NULL,1),
(83,78,4,'2019-10-24 08:31:14',NULL,NULL,NULL,1),
(84,79,4,'2019-10-24 08:31:15',NULL,NULL,NULL,1),
(85,80,4,'2019-10-24 08:31:15',NULL,NULL,NULL,1),
(86,81,4,'2019-10-24 08:31:15',NULL,NULL,NULL,1),
(87,82,4,'2019-10-24 08:31:15',NULL,NULL,NULL,1),
(88,83,4,'2019-10-24 08:31:15',NULL,NULL,NULL,1),
(89,84,4,'2019-10-24 08:31:15',NULL,NULL,NULL,1),
(90,85,4,'2019-10-24 08:31:15',NULL,NULL,NULL,1),
(91,86,4,'2019-10-24 08:31:15',NULL,NULL,NULL,1),
(92,87,4,'2019-10-24 08:31:15',NULL,NULL,NULL,1),
(93,88,4,'2019-10-24 08:31:15',NULL,NULL,NULL,1),
(94,89,4,'2019-10-24 08:31:15',NULL,NULL,NULL,1),
(95,90,4,'2019-10-24 08:31:15',NULL,NULL,NULL,1),
(96,91,4,'2019-10-24 08:31:15',NULL,NULL,NULL,1),
(97,92,4,'2019-10-24 08:31:15',NULL,NULL,NULL,1),
(98,93,4,'2019-10-24 08:31:15',NULL,NULL,NULL,1),
(99,94,4,'2019-10-24 08:31:15',NULL,NULL,NULL,1),
(100,95,4,'2019-10-24 08:31:15',NULL,NULL,NULL,1),
(101,96,4,'2019-10-24 08:31:15',NULL,NULL,NULL,1),
(102,97,4,'2019-10-24 08:31:15',NULL,NULL,NULL,1),
(103,98,4,'2019-10-24 08:31:15',NULL,NULL,NULL,1),
(104,99,4,'2019-10-24 08:31:15',NULL,NULL,NULL,1),
(105,100,4,'2019-10-24 08:31:15',NULL,NULL,NULL,1),
(106,101,4,'2019-10-24 08:31:15',NULL,NULL,NULL,1),
(107,102,4,'2019-10-24 08:31:15',NULL,NULL,NULL,1),
(108,103,4,'2019-10-24 08:31:15',NULL,NULL,NULL,1),
(109,104,4,'2019-10-24 08:31:16',NULL,NULL,NULL,1),
(110,105,4,'2019-10-24 08:31:16',NULL,NULL,NULL,1),
(111,106,4,'2019-10-24 08:31:16',NULL,NULL,NULL,1),
(112,107,4,'2019-10-24 08:31:16',NULL,NULL,NULL,1),
(113,108,4,'2019-10-24 08:31:16',NULL,NULL,NULL,1),
(114,109,4,'2019-10-24 08:31:16',NULL,NULL,NULL,1),
(115,110,4,'2019-10-24 08:31:16',NULL,NULL,NULL,1),
(116,111,4,'2019-10-24 08:31:16',NULL,NULL,NULL,1),
(117,112,4,'2019-10-24 08:31:16',NULL,NULL,NULL,1),
(118,113,4,'2019-10-24 08:31:16',NULL,NULL,NULL,1),
(119,114,4,'2019-10-24 08:31:16',NULL,NULL,NULL,1),
(120,115,4,'2019-10-24 08:31:16',NULL,NULL,NULL,1),
(121,116,4,'2019-10-24 08:31:16',NULL,NULL,NULL,1),
(122,117,4,'2019-10-24 08:31:16',NULL,NULL,NULL,1),
(123,118,4,'2019-10-24 08:31:16',NULL,NULL,NULL,1),
(124,119,4,'2019-10-24 08:31:16',NULL,NULL,NULL,1),
(125,120,4,'2019-10-24 08:31:16',NULL,NULL,NULL,1),
(126,121,4,'2019-10-24 08:31:16',NULL,NULL,NULL,1),
(127,122,4,'2019-10-24 08:31:16',NULL,NULL,NULL,1),
(128,123,4,'2019-10-24 08:31:16',NULL,NULL,NULL,1),
(129,124,4,'2019-10-24 08:31:16',NULL,NULL,NULL,1),
(131,126,4,'2019-10-24 08:31:17',NULL,NULL,NULL,1),
(132,127,4,'2019-10-24 08:31:17',NULL,NULL,NULL,1),
(133,128,4,'2019-10-24 08:31:17',NULL,NULL,NULL,1),
(134,129,4,'2019-10-24 08:31:17',NULL,NULL,NULL,1),
(135,130,4,'2019-10-24 08:31:17',NULL,NULL,NULL,1),
(136,131,4,'2019-10-24 08:31:17',NULL,NULL,NULL,1),
(137,132,4,'2019-10-24 08:31:17',NULL,NULL,NULL,1),
(138,133,4,'2019-10-24 08:31:17',NULL,NULL,NULL,1),
(139,134,4,'2019-10-24 08:31:17',NULL,NULL,NULL,1),
(140,135,4,'2019-10-24 08:31:17',NULL,NULL,NULL,1),
(141,136,4,'2019-10-24 08:31:17',NULL,NULL,NULL,1),
(142,137,4,'2019-10-24 08:31:17',NULL,NULL,NULL,1),
(143,138,4,'2019-10-24 08:31:17',NULL,NULL,NULL,1),
(144,139,4,'2019-10-24 08:31:17',NULL,NULL,NULL,1),
(145,140,4,'2019-10-24 08:31:17',NULL,NULL,NULL,1),
(146,141,4,'2019-10-24 08:31:17',NULL,NULL,NULL,1),
(147,142,4,'2019-10-24 08:31:17',NULL,NULL,NULL,1),
(148,143,4,'2019-10-24 08:31:17',NULL,NULL,NULL,1),
(149,144,4,'2019-10-24 08:31:17',NULL,NULL,NULL,1),
(150,145,4,'2019-10-24 08:31:17',NULL,NULL,NULL,1),
(151,146,4,'2019-10-24 08:31:17',NULL,NULL,NULL,1),
(152,147,4,'2019-10-24 08:31:17',NULL,NULL,NULL,1),
(153,148,4,'2019-10-24 08:31:17',NULL,NULL,NULL,1),
(154,149,4,'2019-10-24 08:31:17',NULL,NULL,NULL,1),
(155,150,4,'2019-10-24 08:31:17',NULL,NULL,NULL,1),
(156,151,4,'2019-10-24 08:31:18',NULL,NULL,NULL,1),
(157,152,4,'2019-10-24 08:31:18',NULL,NULL,NULL,1),
(158,153,4,'2019-10-24 08:31:18',NULL,NULL,NULL,1),
(159,154,4,'2019-10-24 08:31:18',NULL,NULL,NULL,1),
(160,155,4,'2019-10-24 08:31:18',NULL,NULL,NULL,1),
(161,156,4,'2019-10-24 08:31:18',NULL,NULL,NULL,1),
(162,157,4,'2019-10-24 08:31:18',NULL,NULL,NULL,1),
(163,158,4,'2019-10-24 08:31:18',NULL,NULL,NULL,1),
(164,159,4,'2019-10-24 08:31:18',NULL,NULL,NULL,1),
(165,160,4,'2019-10-24 08:31:18',NULL,NULL,NULL,1),
(166,161,4,'2019-10-24 08:31:18',NULL,NULL,NULL,1),
(167,162,4,'2019-10-24 08:31:18',NULL,NULL,NULL,1),
(168,163,4,'2019-10-24 08:31:18',NULL,NULL,NULL,1),
(169,164,4,'2019-10-24 08:31:18',NULL,NULL,NULL,1),
(170,165,4,'2019-10-24 08:31:18',NULL,NULL,NULL,1),
(171,166,4,'2019-10-24 08:31:18',NULL,NULL,NULL,1),
(172,167,4,'2019-10-24 08:31:18',NULL,NULL,NULL,1),
(173,168,4,'2019-10-24 08:31:18',NULL,NULL,NULL,1),
(174,169,4,'2019-10-24 08:31:18',NULL,NULL,NULL,1),
(175,170,4,'2019-10-24 08:31:18',NULL,NULL,NULL,1),
(176,171,4,'2019-10-24 08:31:18',NULL,NULL,NULL,1),
(177,172,4,'2019-10-24 08:31:18',NULL,NULL,NULL,1),
(178,173,4,'2019-10-24 08:31:18',NULL,NULL,NULL,1),
(179,174,4,'2019-10-24 08:31:18',NULL,NULL,NULL,1),
(180,175,4,'2019-10-24 08:31:18',NULL,NULL,NULL,1),
(181,176,4,'2019-10-24 08:31:19',NULL,NULL,NULL,1),
(182,177,4,'2019-10-24 08:31:19',NULL,NULL,NULL,1),
(183,178,4,'2019-10-24 08:31:19',NULL,NULL,NULL,1),
(184,179,4,'2019-10-24 08:31:19',NULL,NULL,NULL,1),
(185,180,4,'2019-10-24 08:31:19',NULL,NULL,NULL,1),
(186,181,4,'2019-10-24 08:31:19',NULL,NULL,NULL,1),
(187,182,4,'2019-10-24 08:31:19',NULL,NULL,NULL,1),
(188,183,4,'2019-10-24 08:31:19',NULL,NULL,NULL,1),
(189,184,4,'2019-10-24 08:31:19',NULL,NULL,NULL,1),
(190,185,4,'2019-10-24 08:31:19',NULL,NULL,NULL,1),
(191,186,4,'2019-10-24 08:31:19',NULL,NULL,NULL,1),
(192,187,4,'2019-10-24 08:31:19',NULL,NULL,NULL,1),
(193,188,4,'2019-10-24 08:31:19',NULL,NULL,NULL,1),
(194,189,4,'2019-10-24 08:31:19',NULL,NULL,NULL,1),
(195,190,4,'2019-10-24 08:31:19',NULL,NULL,NULL,1),
(196,191,4,'2019-10-24 08:31:19',NULL,NULL,NULL,1),
(197,192,4,'2019-10-24 08:31:19',NULL,NULL,NULL,1),
(198,193,4,'2019-10-24 08:31:19',NULL,NULL,NULL,1),
(199,194,4,'2019-10-24 08:31:19',NULL,NULL,NULL,1),
(200,195,4,'2019-10-24 08:31:19',NULL,NULL,NULL,1),
(201,196,4,'2019-10-24 08:31:19',NULL,NULL,NULL,1),
(202,197,4,'2019-10-24 08:31:19',NULL,NULL,NULL,1),
(203,198,4,'2019-10-24 08:31:19',NULL,NULL,NULL,1),
(204,199,4,'2019-10-24 08:31:19',NULL,NULL,NULL,1),
(205,200,4,'2019-10-24 08:31:19',NULL,NULL,NULL,1),
(206,201,4,'2019-10-24 08:31:19',NULL,NULL,NULL,1),
(207,202,4,'2019-10-24 08:31:19',NULL,NULL,NULL,1),
(208,203,4,'2019-10-24 08:31:20',NULL,NULL,NULL,1),
(209,204,4,'2019-10-24 08:31:20',NULL,NULL,NULL,1),
(210,205,4,'2019-10-24 08:31:20',NULL,NULL,NULL,1),
(211,206,4,'2019-10-24 08:31:20',NULL,NULL,NULL,1),
(212,207,4,'2019-10-24 08:31:20',NULL,NULL,NULL,1),
(221,1,2,'2019-10-28 09:54:30','administrator',NULL,NULL,1),
(222,1,3,'2019-10-28 09:54:30','administrator',NULL,NULL,1),
(223,1,4,'2019-10-28 09:54:30','administrator',NULL,NULL,1),
(224,1,5,'2019-10-28 09:54:30','administrator',NULL,NULL,1),
(225,1,1,'2019-10-28 09:56:16',NULL,NULL,NULL,1),
(226,77,2,'2019-10-28 14:44:41','administrator',NULL,NULL,1),
(227,77,3,'2019-10-28 14:44:41','administrator',NULL,NULL,1),
(228,77,4,'2019-10-28 14:44:41','administrator',NULL,NULL,1),
(229,77,5,'2019-10-28 14:44:41','administrator',NULL,NULL,1),
(230,125,2,'2019-10-28 21:51:07','administrator',NULL,NULL,1),
(231,125,4,'2019-10-28 21:51:07','administrator',NULL,NULL,1);

/*Table structure for table `ci_sessions` */

DROP TABLE IF EXISTS `ci_sessions`;

CREATE TABLE `ci_sessions` (
  `id` varchar(128) NOT NULL,
  `ip_address` varchar(45) NOT NULL,
  `timestamp` int(10) unsigned NOT NULL DEFAULT '0',
  `data` blob NOT NULL,
  KEY `ci_sessions_timestamp` (`timestamp`)
) ENGINE=InnoDB DEFAULT CHARSET=latin1;

/*Data for the table `ci_sessions` */

/*Table structure for table `master_dupnk` */

DROP TABLE IF EXISTS `master_dupnk`;

CREATE TABLE `master_dupnk` (
  `id_dupnk` bigint(20) NOT NULL AUTO_INCREMENT,
  `kode_nomor` decimal(10,0) DEFAULT NULL COMMENT 'sebagai acuan turunan',
  `no_dupnk` int(11) DEFAULT NULL COMMENT 'yg ditampilkan jika di print',
  `deskripsi_dupnk` varchar(1000) DEFAULT NULL,
  `turunan_dari` decimal(10,0) DEFAULT NULL COMMENT 'jika ada turunan maka ditulis berdasarkan kode_nomor',
  `no_urut` int(11) DEFAULT '1',
  `jabfungsional` enum('mahir','muda','penyelia','pertama','terampil') DEFAULT NULL,
  `created_date` datetime DEFAULT CURRENT_TIMESTAMP,
  `created_by` varchar(200) DEFAULT NULL,
  `modified_date` datetime DEFAULT NULL,
  `modified_by` varchar(200) DEFAULT NULL,
  `record_active` tinyint(4) DEFAULT '1',
  PRIMARY KEY (`id_dupnk`)
) ENGINE=InnoDB AUTO_INCREMENT=11 DEFAULT CHARSET=latin1;

/*Data for the table `master_dupnk` */

insert  into `master_dupnk`(`id_dupnk`,`kode_nomor`,`no_dupnk`,`deskripsi_dupnk`,`turunan_dari`,`no_urut`,`jabfungsional`,`created_date`,`created_by`,`modified_date`,`modified_by`,`record_active`) values 
(1,10000,NULL,'Tugas Pokok',NULL,1,'muda','2019-10-14 08:57:42',NULL,NULL,NULL,1),
(2,11000,NULL,'Pengelolaan Arsip Dinamis',10000,1,'muda','2019-10-14 08:57:43',NULL,NULL,NULL,1),
(3,11100,NULL,'Melakukan Identifikasi, Verifikasi, dan penyusunan daftar salinan autentik dari naskah asli arsip terjaga',11000,1,'muda','2019-10-14 08:57:41',NULL,NULL,NULL,1),
(4,11200,NULL,'Melakukan identifikasi, penilaian dan verifikasi serta menyusun Daftar Arsip yang akan dimusnahkan',11000,2,'muda','2019-10-14 08:57:40',NULL,NULL,NULL,1),
(5,11210,NULL,'menilai arsip inaktif yang akan dimusnahkan',11200,1,'muda','2019-10-14 08:57:39',NULL,NULL,NULL,1),
(6,11300,NULL,'Melakukan identifikasi, penilaian, dan verifikasi arsip dalam rangka penyerahan arsip statis',11000,3,'muda','2019-10-14 08:57:39',NULL,NULL,NULL,1),
(8,11400,NULL,'Memberikan pelayanan penggunaan arsip dinamis',11000,4,'muda','2019-10-14 08:57:37',NULL,NULL,NULL,1),
(9,11410,NULL,'Memberikan pelayanan dan penggunaan arsip terjaga',11400,1,'muda','2019-10-14 08:57:35',NULL,NULL,NULL,1),
(10,12000,1,'Pengelolaan Arsip Statis',10000,1,'muda',NULL,NULL,'2019-10-20 00:00:00','',1);

/*Table structure for table `master_pegawai` */

DROP TABLE IF EXISTS `master_pegawai`;

CREATE TABLE `master_pegawai` (
  `id_pegawai` bigint(20) NOT NULL AUTO_INCREMENT,
  `id_user` bigint(20) DEFAULT NULL,
  `id_penilai` bigint(20) DEFAULT NULL,
  `jabfungsional` enum('mahir','muda','penyelia','pertama','terampil') DEFAULT 'muda',
  `pegawai_nip` varchar(20) DEFAULT NULL,
  `pegawai_nama` varchar(200) DEFAULT NULL,
  `created_date` datetime DEFAULT CURRENT_TIMESTAMP,
  `created_by` varchar(200) DEFAULT NULL,
  `modified_date` datetime DEFAULT NULL,
  `modified_by` varchar(200) DEFAULT NULL,
  `record_active` tinyint(4) DEFAULT '1',
  PRIMARY KEY (`id_pegawai`),
  KEY `fk_bk_user_ms_peg_id_user` (`id_user`),
  KEY `fk_bk_user_ms_peg_id_penilai` (`id_penilai`),
  CONSTRAINT `fk_bk_user_ms_peg_id_penilai` FOREIGN KEY (`id_penilai`) REFERENCES `backbone_user` (`id_user`) ON DELETE NO ACTION ON UPDATE NO ACTION,
  CONSTRAINT `fk_bk_user_ms_peg_id_user` FOREIGN KEY (`id_user`) REFERENCES `backbone_user` (`id_user`) ON DELETE NO ACTION ON UPDATE NO ACTION
) ENGINE=InnoDB AUTO_INCREMENT=203 DEFAULT CHARSET=latin1;

/*Data for the table `master_pegawai` */

insert  into `master_pegawai`(`id_pegawai`,`id_user`,`id_penilai`,`jabfungsional`,`pegawai_nip`,`pegawai_nama`,`created_date`,`created_by`,`modified_date`,`modified_by`,`record_active`) values 
(1,1,77,'muda','198503302003121002','Admin Aplikasi','2019-10-17 08:44:46',NULL,NULL,NULL,1),
(2,7,NULL,'muda','197004261993012001','Rinta Kurniati, S AP','2019-10-24 08:21:55',NULL,NULL,NULL,1),
(3,8,NULL,'muda','196809021995031001','Budi Setyanta, SE','2019-10-24 08:21:55',NULL,NULL,NULL,1),
(4,9,NULL,'muda','197507271997031001','Junaidin, SE','2019-10-24 08:21:55',NULL,NULL,NULL,1),
(5,10,NULL,'muda','197604162000032001','H. Sitti Hannah, S AP','2019-10-24 08:21:55',NULL,NULL,NULL,1),
(6,11,NULL,'muda','197707152001121001','Abdul Rachman, ST','2019-10-24 08:21:55',NULL,NULL,NULL,1),
(7,12,NULL,'muda','197904012002122001','Nadia Fauziah Dwiandari, SIP, M.Phil','2019-10-24 08:21:55',NULL,NULL,NULL,1),
(8,13,NULL,'muda','197807302003121001','Dwi Hening Cipto,  S.Sos','2019-10-24 08:21:55',NULL,NULL,NULL,1),
(9,14,77,'muda','197706012005012001','Yuniarti Eka Basuki, SS','2019-10-24 08:21:55',NULL,NULL,NULL,1),
(10,15,NULL,'muda','198105282006042005','Dwinda Meigita Norca Gatmani, ST, MAP','2019-10-24 08:21:55',NULL,NULL,NULL,1),
(11,16,NULL,'muda','197905242006041003','R.Suryagung Sudibyo Putro, S.S','2019-10-24 08:21:55',NULL,NULL,NULL,1),
(12,17,NULL,'muda','197910172008011007','Muhammad Haris Budiawan, S.S','2019-10-24 08:21:55',NULL,NULL,NULL,1),
(13,18,NULL,'muda','198010182009011005','Agung Ismawarno, S.S, M.AP.','2019-10-24 08:21:55',NULL,NULL,NULL,1),
(14,19,NULL,'muda','197712152009011003','Mochamad Satrianto, S.Hum','2019-10-24 08:21:55',NULL,NULL,NULL,1),
(15,20,NULL,'muda','198701232009121001','Hafid Furqoni, SS','2019-10-24 08:21:55',NULL,NULL,NULL,1),
(16,21,NULL,'muda','196008061978121001','Bunadi Irawan, S.IP','2019-10-24 08:21:55',NULL,NULL,NULL,1),
(17,22,NULL,'muda','196312241982021001','Sidup Fauzi, S.ST.,Ars','2019-10-24 08:21:55',NULL,NULL,NULL,1),
(18,23,NULL,'muda','196504041985121002','M. Zainuddin, S.St, Ars','2019-10-24 08:21:55',NULL,NULL,NULL,1),
(19,24,NULL,'muda','196905201991031001','Moh Sholeh, S.AP, M.A.P','2019-10-24 08:21:55',NULL,NULL,NULL,1),
(20,25,NULL,'muda','197104141991032001','Ayu Syafnita','2019-10-24 08:21:55',NULL,NULL,NULL,1),
(21,26,NULL,'muda','197204241992032001','Maryani Aprilyantini, S.ST.Ars','2019-10-24 08:21:55',NULL,NULL,NULL,1),
(22,27,NULL,'muda','197208211992032001','Sri Martini, S.SOS','2019-10-24 08:21:55',NULL,NULL,NULL,1),
(23,28,NULL,'muda','196609131992031001','Armen Hasanudin, S.ST.Ars','2019-10-24 08:21:56',NULL,NULL,NULL,1),
(24,29,NULL,'muda','197506021997031001','Mansyur, S.ST.,Ars','2019-10-24 08:21:56',NULL,NULL,NULL,1),
(25,30,NULL,'muda','197101091997031009','Isya Ansori, SAP, MAP','2019-10-24 08:21:56',NULL,NULL,NULL,1),
(26,31,NULL,'muda','197504251997031001','Teguh Wiyono, S.ST.Ars','2019-10-24 08:21:56',NULL,NULL,NULL,1),
(27,32,NULL,'muda','197705231998031001','Supriyono, S.ST.Ars','2019-10-24 08:21:56',NULL,NULL,NULL,1),
(28,33,NULL,'muda','197802141998032001','Narminta Ningrum, S.ST.Ars','2019-10-24 08:21:56',NULL,NULL,NULL,1),
(29,34,NULL,'muda','197504301998032001','Nurhayati, S.ST.,Ars','2019-10-24 08:21:56',NULL,NULL,NULL,1),
(30,35,NULL,'muda','198003202001122001','Widya Wahyuni Setianingrum, ST','2019-10-24 08:21:56',NULL,NULL,NULL,1),
(31,36,NULL,'muda','197804302001122001','Erni Budiyanti, S KOM','2019-10-24 08:21:56',NULL,NULL,NULL,1),
(32,37,NULL,'muda','197912222002122001','Arshanti Kurnianingrum, S Sos','2019-10-24 08:21:56',NULL,NULL,NULL,1),
(33,38,NULL,'muda','197812012003122001','Ardiani, SAP, M.A.P','2019-10-24 08:21:56',NULL,NULL,NULL,1),
(34,39,NULL,'muda','197904242003122001','Siwi Kartikasari, S.ST.Ars','2019-10-24 08:21:56',NULL,NULL,NULL,1),
(35,40,NULL,'muda','197710122005011001','Sapta Sunjaya, S Kom, M.MSI','2019-10-24 08:21:56',NULL,NULL,NULL,1),
(36,41,NULL,'muda','197805132005011001','Muhamad Robbi, ST, M.A.P','2019-10-24 08:21:56',NULL,NULL,NULL,1),
(37,42,NULL,'muda','198003012006042005','Irma Karimatun Ni`Mah, S.Sos, MAP','2019-10-24 08:21:56',NULL,NULL,NULL,1),
(38,43,NULL,'muda','197310252006041002','Hendro Subekti, S.Sos','2019-10-24 08:21:56',NULL,NULL,NULL,1),
(39,44,NULL,'muda','197906062006042006','Nunung Kurnia, S.AP','2019-10-24 08:21:56',NULL,NULL,NULL,1),
(40,45,NULL,'muda','198310242008012015','Fajar Sri Purwanti, A.Md','2019-10-24 08:21:56',NULL,NULL,NULL,1),
(41,46,NULL,'muda','198312142008011005','Abid Zusriha Hasan, S.Sos','2019-10-24 08:21:56',NULL,NULL,NULL,1),
(42,47,NULL,'muda','198304032008011005','Satimin, S.AP','2019-10-24 08:21:56',NULL,NULL,NULL,1),
(43,48,NULL,'muda','198004302008012015','Tri Yekti Mufidati, SE','2019-10-24 08:21:56',NULL,NULL,NULL,1),
(44,49,NULL,'muda','198401032009011002','Abdul Cholik, S.Hum','2019-10-24 08:21:56',NULL,NULL,NULL,1),
(45,50,NULL,'muda','198301042009012003','Intan Lidwina, S.Hum','2019-10-24 08:21:56',NULL,NULL,NULL,1),
(46,51,NULL,'muda','198204132009121003','Afrizal Zurman, S.Si','2019-10-24 08:21:56',NULL,NULL,NULL,1),
(47,52,NULL,'muda','198101192009121001','Chesar Dwi Nugroho Basuki, S.Sos','2019-10-24 08:21:57',NULL,NULL,NULL,1),
(48,53,NULL,'muda','198106282009122001','Dyah Nurul Annahlia, S.S','2019-10-24 08:21:57',NULL,NULL,NULL,1),
(49,54,NULL,'muda','198312062009122004','Eka Deasy Widyaningsih, SS, M.Ikom','2019-10-24 08:21:57',NULL,NULL,NULL,1),
(50,55,NULL,'muda','198706212009121005','Jajang Nurjaman, S.Hum, M.A.','2019-10-24 08:21:57',NULL,NULL,NULL,1),
(51,56,NULL,'muda','198710142009122002','Octavia Syafarwati, S.Si','2019-10-24 08:21:57',NULL,NULL,NULL,1),
(52,57,NULL,'muda','198003172009121001','Raden Yovi Mega Purwono, S.S','2019-10-24 08:21:57',NULL,NULL,NULL,1),
(53,58,NULL,'muda','198405292009122002','Sari Diana, SH','2019-10-24 08:21:57',NULL,NULL,NULL,1),
(54,59,NULL,'muda','198106222009121001','Susanto, SS','2019-10-24 08:21:57',NULL,NULL,NULL,1),
(55,60,NULL,'muda','198703112009121003','Widhi Setyo Putro, S.S','2019-10-24 08:21:57',NULL,NULL,NULL,1),
(56,61,NULL,'muda','198712022010121003','Achmad Dedi Faozi, S.Hum','2019-10-24 08:21:57',NULL,NULL,NULL,1),
(57,62,NULL,'muda','198710312010121004','Azwar Sanusi, S.IP, M.Si','2019-10-24 08:21:57',NULL,NULL,NULL,1),
(58,63,NULL,'muda','198205272010121002','Lufi Herawan, S.Kom','2019-10-24 08:21:57',NULL,NULL,NULL,1),
(59,64,NULL,'muda','198507102010122003','Stella Sigrid Juliet, S.S., M.Hum','2019-10-24 08:21:57',NULL,NULL,NULL,1),
(60,65,NULL,'muda','196710151991032001','Sukmawati Mochtar, SH','2019-10-24 08:21:57',NULL,NULL,NULL,1),
(61,66,NULL,'muda','198507152009011001','Bayu Tanoyo, S.Sos','2019-10-24 08:21:57',NULL,NULL,NULL,1),
(62,67,NULL,'muda','198611062009122003','Novia Elita, SH','2019-10-24 08:21:57',NULL,NULL,NULL,1),
(63,68,NULL,'muda','198109112009121002','Raistiwar Pratama, S.S','2019-10-24 08:21:57',NULL,NULL,NULL,1),
(64,69,NULL,'muda','196303051985031001','Abdul Hamid, S.ST.Ars','2019-10-24 08:21:57',NULL,NULL,NULL,1),
(65,70,NULL,'muda','197209071998031001','Jumadi, S.AP, MAP','2019-10-24 08:21:57',NULL,NULL,NULL,1),
(66,71,NULL,'muda','197312211998032001','Anna Wijayanti Kusumaningsih, ST.','2019-10-24 08:21:57',NULL,NULL,NULL,1),
(67,72,NULL,'muda','197702072000031001','Seno,  S.T','2019-10-24 08:21:57',NULL,NULL,NULL,1),
(68,73,NULL,'muda','197708122001121001','Iwan Setiawan, S.KOM','2019-10-24 08:21:57',NULL,NULL,NULL,1),
(69,74,NULL,'pertama','197807152002122001','Dian Ardiani Ridwan, S.ST.Ars','2019-10-24 08:21:57',NULL,NULL,NULL,1),
(70,75,NULL,'pertama','197904122002121001','Awaluddin Nur, SAP','2019-10-24 08:21:57',NULL,NULL,NULL,1),
(71,76,NULL,'pertama','198211302009011003','Aris Widodo, S.Sos','2019-10-24 08:21:57',NULL,NULL,NULL,1),
(72,77,NULL,'pertama','197508142009121001','Ali Fajarudin, S.Kom','2019-10-24 08:21:57',NULL,NULL,NULL,1),
(73,78,NULL,'muda','198205052009121004','Ari Syah Bungsu, ST','2019-10-24 08:21:57',NULL,NULL,NULL,1),
(74,79,NULL,'pertama','198609132009122004','Deri Septiani Pratami, S.Sos','2019-10-24 08:21:57',NULL,NULL,NULL,1),
(75,80,NULL,'muda','198010282009121001','Dionysius Susilo Pratomo, ST','2019-10-24 08:21:57',NULL,NULL,NULL,1),
(76,81,NULL,'pertama','197806202009122001','Fitra Yeni, S.Si','2019-10-24 08:21:57',NULL,NULL,NULL,1),
(77,82,NULL,'muda','197604042009121001','Kurniawan Budi Santoso, S.T, M.T','2019-10-24 08:21:58',NULL,NULL,NULL,1),
(78,83,NULL,'pertama','198409102009122003','Lola Palmita, SS','2019-10-24 08:21:58',NULL,NULL,NULL,1),
(79,84,NULL,'pertama','198505212009122002','Meilani Dwi Puspita, S.IP','2019-10-24 08:21:58',NULL,NULL,NULL,1),
(80,85,NULL,'muda','198709102009122001','Peny Wulandari, S.Sos','2019-10-24 08:21:58',NULL,NULL,NULL,1),
(81,86,NULL,'muda','198709292009122004','Sely Purbasari Suryani, S.S','2019-10-24 08:21:58',NULL,NULL,NULL,1),
(82,87,NULL,'muda','197701052009122001','Susilowati, SE','2019-10-24 08:21:58',NULL,NULL,NULL,1),
(83,88,NULL,'muda','198206112009122002','Wirastri Dyah Puspita, SE','2019-10-24 08:21:58',NULL,NULL,NULL,1),
(84,89,NULL,'pertama','198506122009121004','Yoga Pratama Nugraha, S.Kom','2019-10-24 08:21:58',NULL,NULL,NULL,1),
(85,90,NULL,'muda','198303012009121003','Yosep Nusantara Danang Saputra, SH','2019-10-24 08:21:58',NULL,NULL,NULL,1),
(86,91,NULL,'pertama','198311202009121001','Pinandita Syafrisman, S.Sos','2019-10-24 08:21:58',NULL,NULL,NULL,1),
(87,92,NULL,'muda','198311022009122001','Suharti, S.Hum','2019-10-24 08:21:58',NULL,NULL,NULL,1),
(88,93,NULL,'pertama','198308252010121001','Andika Agustia Hasri, S.Kom','2019-10-24 08:21:58',NULL,NULL,NULL,1),
(89,94,NULL,'muda','198709142010122006','Ade Septiana Sari, S.IP','2019-10-24 08:21:58',NULL,NULL,NULL,1),
(90,95,NULL,'pertama','198807092010122002','Dewi Mayang Sari, SEI','2019-10-24 08:21:58',NULL,NULL,NULL,1),
(91,96,NULL,'muda','198312142010122001','Desi Mulyaningsih, S.Kom','2019-10-24 08:21:58',NULL,NULL,NULL,1),
(92,97,NULL,'pertama','198406142010122005','Eviani Yusnita, S.IP','2019-10-24 08:21:58',NULL,NULL,NULL,1),
(93,98,NULL,'pertama','198701232010122002','Indah Purnamasari, SE','2019-10-24 08:21:58',NULL,NULL,NULL,1),
(94,99,NULL,'muda','198710162010121008','Irvan Azhari Solong, SH','2019-10-24 08:21:58',NULL,NULL,NULL,1),
(95,100,NULL,'muda','197611292010121001','Mudanto Pamungkas, S.S','2019-10-24 08:21:58',NULL,NULL,NULL,1),
(96,101,NULL,'muda','198207162010122002','Nuryulianti, S.IP','2019-10-24 08:21:58',NULL,NULL,NULL,1),
(97,102,NULL,'muda','198204192010121001','Parno Nusantara, ST','2019-10-24 08:21:58',NULL,NULL,NULL,1),
(98,103,NULL,'pertama','198605092010121004','Ramadhona Aswin, S.Kom','2019-10-24 08:21:58',NULL,NULL,NULL,1),
(99,104,NULL,'muda','198811202010122005','Yeni Dwi Novelawaty, S.Hum','2019-10-24 08:21:58',NULL,NULL,NULL,1),
(100,105,NULL,'muda','198806282010122010','Yuanita Utami, S.IP','2019-10-24 08:21:58',NULL,NULL,NULL,1),
(101,106,NULL,'pertama','198203032006041009','Arie Suhendar, S.Kom','2019-10-24 08:21:58',NULL,NULL,NULL,1),
(102,107,NULL,'penyelia','196205261980121001','Supriadi','2019-10-24 08:21:58',NULL,NULL,NULL,1),
(103,108,NULL,'penyelia','196306031983031001','Kadir','2019-10-24 08:21:58',NULL,NULL,NULL,1),
(104,109,NULL,'penyelia','196210251986021001','Matali','2019-10-24 08:21:58',NULL,NULL,NULL,1),
(105,110,NULL,'penyelia','196210021987032001','Wiyaningsih','2019-10-24 08:21:58',NULL,NULL,NULL,1),
(106,111,NULL,'penyelia','197006151993012001','Siti Fatimah','2019-10-24 08:21:58',NULL,NULL,NULL,1),
(107,112,NULL,'penyelia','196905051993032001','Sri Wulan Nugrahayu','2019-10-24 08:21:59',NULL,NULL,NULL,1),
(108,113,NULL,'penyelia','197409241996032001','Ratna Absari','2019-10-24 08:21:59',NULL,NULL,NULL,1),
(109,114,NULL,'penyelia','197405081997031001','Bakat Untoro, A.Md','2019-10-24 08:21:59',NULL,NULL,NULL,1),
(110,115,NULL,'penyelia','196504041985121001','Hotman','2019-10-24 08:21:59',NULL,NULL,NULL,1),
(111,116,NULL,'penyelia','197603271997031001','Sugiyo','2019-10-24 08:21:59',NULL,NULL,NULL,1),
(112,117,NULL,'penyelia','197611121997031001','Hadi Susono, A.Md','2019-10-24 08:21:59',NULL,NULL,NULL,1),
(113,118,NULL,'penyelia','197911082006042004','Sri Rustiningrum, A.Md','2019-10-24 08:21:59',NULL,NULL,NULL,1),
(114,119,NULL,'penyelia','198410032009011002','Okta Handi Suryadi, A.Md','2019-10-24 08:21:59',NULL,NULL,NULL,1),
(115,120,NULL,'penyelia','198707312009122001','Erlina Widyanti, A.Md','2019-10-24 08:21:59',NULL,NULL,NULL,1),
(116,121,NULL,'penyelia','198801272009122003','Yudhi Risti Purnomo, A.Md','2019-10-24 08:21:59',NULL,NULL,NULL,1),
(117,122,NULL,'penyelia','198401012009122002','Zullaika Astuti, A.Md','2019-10-24 08:21:59',NULL,NULL,NULL,1),
(118,123,NULL,'penyelia','198012192009121002','Alex Iswandi, A.Md','2019-10-24 08:21:59',NULL,NULL,NULL,1),
(119,124,NULL,'penyelia','198308142010122004','Diah Minarti Rahayu, A.Md','2019-10-24 08:21:59',NULL,NULL,NULL,1),
(120,125,NULL,'mahir','196106291986011003','Gunarwan','2019-10-24 08:21:59',NULL,NULL,NULL,1),
(121,126,NULL,'mahir','197303221998031001','Priyono Widodo, A.Md','2019-10-24 08:21:59',NULL,NULL,NULL,1),
(122,127,NULL,'penyelia','197706162005011001','F X Ariyanto Adibowo Sukowati, A.Md','2019-10-24 08:21:59',NULL,NULL,NULL,1),
(123,128,NULL,'penyelia','198402012008011007','Dedi Febri Martono, A.Md','2019-10-24 08:21:59',NULL,NULL,NULL,1),
(124,129,NULL,'penyelia','198601052008012001','Surti Widayati, A.Md','2019-10-24 08:21:59',NULL,NULL,NULL,1),
(125,130,NULL,'penyelia','198601062008012001','Tri Artasari, A.Md','2019-10-24 08:21:59',NULL,NULL,NULL,1),
(126,131,NULL,'mahir','198403272009012003','Bayu Patriasari, A.Md','2019-10-24 08:21:59',NULL,NULL,NULL,1),
(127,132,NULL,'penyelia','198604162009122006','Arum Esthu Domaz Kusumaning Bawono, A.Md','2019-10-24 08:21:59',NULL,NULL,NULL,1),
(128,133,NULL,'mahir','198509212009122003','Risma Anggiyani, A.Md','2019-10-24 08:21:59',NULL,NULL,NULL,1),
(129,134,NULL,'mahir','198312142009122002','Titik Kurniawati, A.Md','2019-10-24 08:21:59',NULL,NULL,NULL,1),
(130,135,NULL,'mahir','198407242009122003','Yuli Setia Wati, A.Md','2019-10-24 08:21:59',NULL,NULL,NULL,1),
(131,136,NULL,'mahir','197108071997031001','Agus Setiawan','2019-10-24 08:21:59',NULL,NULL,NULL,1),
(132,137,NULL,'mahir','198402152006042003','Tiyas Cahyani, A.Md','2019-10-24 08:22:00',NULL,NULL,NULL,1),
(133,138,NULL,'mahir','198003072008012023','Marina Wulandari, A.Md','2019-10-24 08:22:00',NULL,NULL,NULL,1),
(134,139,NULL,'mahir','198502122009121002','Achmad Sabiqun Nahar, A.Md','2019-10-24 08:22:00',NULL,NULL,NULL,1),
(135,140,NULL,'mahir','198204222009121001','Akhmad Kurniawan, S. Kom','2019-10-24 08:22:00',NULL,NULL,NULL,1),
(136,141,NULL,'mahir','198010052009121001','Beny Oktavianto , S.Kom','2019-10-24 08:22:00',NULL,NULL,NULL,1),
(137,142,NULL,'mahir','198401202009122001','Krestiana Evelyn, A.Md','2019-10-24 08:22:00',NULL,NULL,NULL,1),
(138,143,NULL,'mahir','198009062009121003','Muhamad Muji Amin, A.Md','2019-10-24 08:22:00',NULL,NULL,NULL,1),
(139,144,NULL,'mahir','198509212009122002','Ninda Tiara, A.Md','2019-10-24 08:22:00',NULL,NULL,NULL,1),
(140,145,NULL,'mahir','198402212009122002','Puji Winarsih, A.Md','2019-10-24 08:22:00',NULL,NULL,NULL,1),
(141,146,NULL,'mahir','197412092009121001','Radmoko Nugroho, A.Md','2019-10-24 08:22:00',NULL,NULL,NULL,1),
(142,147,NULL,'mahir','198203172009121003','Seno Utomo Suprianto, A.Md','2019-10-24 08:22:00',NULL,NULL,NULL,1),
(143,148,NULL,'mahir','198710302009122003','Sri Gusneli, A.Md','2019-10-24 08:22:00',NULL,NULL,NULL,1),
(144,149,NULL,'mahir','197805172009122001','Dewi Sri Melati, A.Md','2019-10-24 08:22:00',NULL,NULL,NULL,1),
(145,150,NULL,'mahir','198912102010122004','Ulvina Haviza, A.Md','2019-10-24 08:22:00',NULL,NULL,NULL,1),
(146,151,NULL,'mahir','198407162009011003','Andika Satriya Perdana, A.Md','2019-10-24 08:22:00',NULL,NULL,NULL,1),
(147,152,NULL,'mahir','199107152014032005','Asri Nugraheni, A.Md','2019-10-24 08:22:00',NULL,NULL,NULL,1),
(148,153,NULL,'mahir','199110032014032001','Dini Elisa Setiatri, A.Md','2019-10-24 08:22:00',NULL,NULL,NULL,1),
(149,154,NULL,'mahir','199201032014032001','Emi Jarwati, A.Md','2019-10-24 08:22:00',NULL,NULL,NULL,1),
(150,155,NULL,'mahir','199009032014032001','Winda Wahyuningtyas, A.Md','2019-10-24 08:22:00',NULL,NULL,NULL,1),
(151,156,NULL,'mahir','198609122009122001','Wulandari, A.Md','2019-10-24 08:22:00',NULL,NULL,NULL,1),
(152,157,NULL,'mahir','198105042010121003','Bambang Kuncoro, A.Md','2019-10-24 08:22:00',NULL,NULL,NULL,1),
(153,158,NULL,'terampil','199104302014032002','Devi Afrilia Putri, A.Md','2019-10-24 08:22:00',NULL,NULL,NULL,1),
(154,159,NULL,'terampil','199002222014031005','Dwi Haryanto, A.Md','2019-10-24 08:22:00',NULL,NULL,NULL,1),
(155,160,NULL,'mahir','199109202014032002','Fajria Renietaningtyas Masyrurroh, A.Md','2019-10-24 08:22:00',NULL,NULL,NULL,1),
(156,161,NULL,'terampil','198604112014031001','Hendi Kristyantoro, A.Md','2019-10-24 08:22:00',NULL,NULL,NULL,1),
(157,162,NULL,'terampil','198610142014031002','Oci Hendra Satria, A.Md','2019-10-24 08:22:00',NULL,NULL,NULL,1),
(158,163,NULL,'terampil','199312092015032002','Gandis Gayatri, A.Md','2019-10-24 08:22:00',NULL,NULL,NULL,1),
(159,164,NULL,'mahir','198204302010012013','Catur Rahmawati Tejaningrum, A.Md','2019-10-24 08:22:01',NULL,NULL,NULL,1),
(160,165,NULL,'terampil','198601272014032002','Dina Kurniati, A.Md','2019-10-24 08:22:01',NULL,NULL,NULL,1),
(161,166,NULL,'terampil','198809032014031001','Dwi Anggraita Amirulah, A.Md','2019-10-24 08:22:01',NULL,NULL,NULL,1),
(162,167,NULL,'terampil','199206022014032001','Dwi Ayuni, A.Md','2019-10-24 08:22:01',NULL,NULL,NULL,1),
(163,168,NULL,'terampil','199205282014031001','Hanif Aulia Rahman, A.Md','2019-10-24 08:22:01',NULL,NULL,NULL,1),
(164,169,NULL,'terampil','199106062014032002','Rizaq Kusumastuti Azizar, A.Md','2019-10-24 08:22:01',NULL,NULL,NULL,1),
(165,170,NULL,'terampil','199005222014032004','Vonni Rahmah Ningsih, A.Md','2019-10-24 08:22:01',NULL,NULL,NULL,1),
(166,171,NULL,'terampil','199210012014031002','Wisnu Partikelir, A.Md','2019-10-24 08:22:01',NULL,NULL,NULL,1),
(167,172,NULL,'terampil','199206112015031004','Endra Permana, A.Md','2019-10-24 08:22:01',NULL,NULL,NULL,1),
(168,173,NULL,'terampil','198710312015032002','Laily Dzatinnuha, A.Md','2019-10-24 08:22:01',NULL,NULL,NULL,1),
(169,174,NULL,'terampil','199306192015032003','Tiara Puspita Aji, A.Md','2019-10-24 08:22:01',NULL,NULL,NULL,1),
(170,175,NULL,'muda','196909231992032001','Likantini, S.ST.Ars','2019-10-24 08:22:01',NULL,NULL,NULL,1),
(171,176,NULL,'muda','197111251992032001','Astuti Rahayu, S.ST.Ars','2019-10-24 08:22:01',NULL,NULL,NULL,1),
(172,177,NULL,'pertama','196711171992031001','Purwanto, S.ST.Ars','2019-10-24 08:22:01',NULL,NULL,NULL,1),
(173,178,NULL,'pertama','197405031997031001','Achmad Hamsari, S.ST. Ars','2019-10-24 08:22:01',NULL,NULL,NULL,1),
(174,179,NULL,'pertama','197212131997031001','Abdul Azis, S.ST. Ars','2019-10-24 08:22:01',NULL,NULL,NULL,1),
(175,180,NULL,'pertama','197807152002121001','Ali Purnomo, S.ST.Ars','2019-10-24 08:22:01',NULL,NULL,NULL,1),
(176,181,NULL,'pertama','198102082005011001','Zainuddin, S.ST.Ars','2019-10-24 08:22:01',NULL,NULL,NULL,1),
(177,182,NULL,'muda','197811272006041004','Rudy Arnanjaya, S.Sos, M.A.P','2019-10-24 08:22:01',NULL,NULL,NULL,1),
(178,183,NULL,'pertama','198203072009121002','Hendy Wiratama, SE','2019-10-24 08:22:01',NULL,NULL,NULL,1),
(179,184,NULL,'pertama','199006202014032004','Ghesa Ririan Mitalia, S.Hum','2019-10-24 08:22:01',NULL,NULL,NULL,1),
(180,185,NULL,'pertama','198709272015031002','Andriea Salamun, S.Sos','2019-10-24 08:22:01',NULL,NULL,NULL,1),
(181,186,NULL,'pertama','198504092015031001','Bening Tri Hanggoro, S.S.','2019-10-24 08:22:01',NULL,NULL,NULL,1),
(182,187,NULL,'pertama','198805272015031001','Dwi Ari Wibowo, S.S.','2019-10-24 08:22:01',NULL,NULL,NULL,1),
(183,188,NULL,'pertama','199104222015032002','Layla Rahmadanty, S.A.N','2019-10-24 08:22:01',NULL,NULL,NULL,1),
(184,189,NULL,'pertama','199003172015032004','Sri Purwati, S.Si','2019-10-24 08:22:01',NULL,NULL,NULL,1),
(185,190,NULL,'pertama','199112142015032002','Hasna Fuadilla Hidayati, S.Hum','2019-10-24 08:22:01',NULL,NULL,NULL,1),
(186,191,NULL,'pertama','198908152015032002','Shinta Agustin, S.S','2019-10-24 08:22:01',NULL,NULL,NULL,1),
(187,192,NULL,'pertama','198711052015031002','Dwi Rendy Maulana, S.Hum','2019-10-24 08:22:01',NULL,NULL,NULL,1),
(188,193,NULL,'pertama','199204222015032002','Ika Tantri Apsitasari, S.S.','2019-10-24 08:22:01',NULL,NULL,NULL,1),
(189,194,NULL,'pertama','198612262015032004','Muji Rahayu, S.Kom','2019-10-24 08:22:01',NULL,NULL,NULL,1),
(190,195,NULL,'pertama','198807182015031004','Andhika Budi Prasetyo, S.H.','2019-10-24 08:22:02',NULL,NULL,NULL,1),
(191,196,NULL,'pertama','198908302015032002','Annarizky Putri, S.I.A.','2019-10-24 08:22:02',NULL,NULL,NULL,1),
(192,197,NULL,'pertama','198005312001122001','Kartini, S.SOS','2019-10-24 08:22:02',NULL,NULL,NULL,1),
(193,198,NULL,'pertama','197703272002121001','Samsudin, S.SOS','2019-10-24 08:22:02',NULL,NULL,NULL,1),
(194,199,NULL,'pertama','198911162014031001','Afif Akhda Luqman, S.IP                          ','2019-10-24 08:22:02',NULL,NULL,NULL,1),
(195,200,NULL,'pertama','198904292014032002','Rias Fitriana Indriyati, S.IP','2019-10-24 08:22:02',NULL,NULL,NULL,1),
(196,201,NULL,'pertama','198904102014032003','Siti Rubiati, S.IP','2019-10-24 08:22:02',NULL,NULL,NULL,1),
(197,202,NULL,'pertama','198009242001122001','Lisa Nurlaila Ningsih, SAP','2019-10-24 08:22:02',NULL,NULL,NULL,1),
(198,203,NULL,'pertama','198006092009122001','Fiorita Regina, S. Sos                          ','2019-10-24 08:22:02',NULL,NULL,NULL,1),
(199,204,NULL,'pertama','196902101987031001','Edy Mardianto, S.ST.Ars                          ','2019-10-24 08:22:02',NULL,NULL,NULL,1),
(200,205,NULL,'penyelia','197612022000032001','Puji Handayani, A.Md','2019-10-24 08:22:02',NULL,NULL,NULL,1),
(201,206,NULL,'mahir','197710272009122001','Christine Dian Emawati, A.Md','2019-10-24 08:22:02',NULL,NULL,NULL,1),
(202,207,NULL,'mahir','198112142009121006','Firmansyah, A.MD.Graf','2019-10-24 08:22:02',NULL,NULL,NULL,1);

/*Table structure for table `master_rekomendasi` */

DROP TABLE IF EXISTS `master_rekomendasi`;

CREATE TABLE `master_rekomendasi` (
  `id_rekomendasi` int(11) NOT NULL AUTO_INCREMENT,
  `uraian_rekomendasi` varchar(3000) DEFAULT NULL,
  `keyword` varchar(200) DEFAULT NULL,
  `created_date` datetime DEFAULT CURRENT_TIMESTAMP,
  `created_by` varchar(200) DEFAULT NULL,
  `modified_date` datetime DEFAULT NULL,
  `modified_by` varchar(200) DEFAULT NULL,
  `record_active` tinyint(4) DEFAULT '1',
  PRIMARY KEY (`id_rekomendasi`)
) ENGINE=InnoDB AUTO_INCREMENT=7 DEFAULT CHARSET=latin1;

/*Data for the table `master_rekomendasi` */

insert  into `master_rekomendasi`(`id_rekomendasi`,`uraian_rekomendasi`,`keyword`,`created_date`,`created_by`,`modified_date`,`modified_by`,`record_active`) values 
(1,'Dapat dipertimbangkan untuk alih jabatan Arsiparis Ahli Pertama setelah lulus uji kompetensi yang dipersyaratkan.','alih jabatan arsiparis ahli pertama','2019-10-14 09:01:19',NULL,NULL,NULL,NULL),
(2,'Dapat dipertimbangkan untuk alih jabatan Arsiparis Ahli Muda setelah lulus uji kompetensi yang dipersyaratkan.','alih jabatan arsiparis ahli muda','2019-10-14 09:02:48',NULL,NULL,NULL,1),
(3,'Dapat dipertimbangkan untuk kenaikan pangkat/golongan ruang, Pengatur Tk. I, II/d.','naik pangkat, pengatur tk I, II/d','2019-10-14 09:04:43',NULL,NULL,NULL,1),
(4,'Dapat dipertimbangkan untuk kenaikan pangkat/golongan ruang, Penata Muda, III/a.','naik pangkat, penata muda, III/a','2019-10-14 09:05:37',NULL,NULL,NULL,1),
(5,'Dapat dipertimbangkan untuk kenaikan pangkat/golongan ruang, Penata Muda Tk. I, III/b.','naik pangkat, penata muda tk I, III/b','2019-10-14 09:06:42',NULL,NULL,NULL,1),
(6,'Dapat dipertimbangkan untuk kenaikan pangkat/golongan ruang, Penata, III/c.','naik pangkat, penata, III/c','2019-10-14 09:07:07',NULL,NULL,NULL,1);

/*Table structure for table `tr_angka_kredit_tahunan` */

DROP TABLE IF EXISTS `tr_angka_kredit_tahunan`;

CREATE TABLE `tr_angka_kredit_tahunan` (
  `id_akt` bigint(20) NOT NULL AUTO_INCREMENT,
  `id_pegawai` bigint(20) DEFAULT NULL,
  `tahun` tinyint(4) DEFAULT NULL,
  `jabfungsional` enum('mahir','muda','penyelia','pertama','terampil') DEFAULT 'muda',
  `tmtjab` datetime DEFAULT NULL,
  `pangkatgol` varchar(30) DEFAULT NULL,
  `tmtpangkatgol` datetime DEFAULT NULL,
  `unitkerja` varchar(200) DEFAULT NULL,
  `idunitkerja` bigint(20) DEFAULT NULL,
  `nilaikinerja` decimal(10,0) DEFAULT '0',
  `akt` decimal(10,0) DEFAULT '0',
  `akk` decimal(10,0) DEFAULT '0',
  `id_rekomendasi` int(11) DEFAULT NULL,
  `created_date` datetime DEFAULT CURRENT_TIMESTAMP,
  `created_by` varchar(200) DEFAULT NULL,
  `modified_date` datetime DEFAULT NULL,
  `modified_by` varchar(200) DEFAULT NULL,
  `record_active` tinyint(4) DEFAULT '1',
  PRIMARY KEY (`id_akt`),
  KEY `fk_mspeg_tr_akt_id_peg` (`id_pegawai`),
  KEY `fk_ms_rekom_tr_akt_id_rekom` (`id_rekomendasi`),
  CONSTRAINT `fk_ms_rekom_tr_akt_id_rekom` FOREIGN KEY (`id_rekomendasi`) REFERENCES `master_rekomendasi` (`id_rekomendasi`) ON DELETE NO ACTION ON UPDATE NO ACTION,
  CONSTRAINT `fk_mspeg_tr_akt_id_peg` FOREIGN KEY (`id_pegawai`) REFERENCES `master_pegawai` (`id_pegawai`) ON DELETE NO ACTION ON UPDATE NO ACTION
) ENGINE=InnoDB DEFAULT CHARSET=latin1;

/*Data for the table `tr_angka_kredit_tahunan` */

/*Table structure for table `tr_perilaku` */

DROP TABLE IF EXISTS `tr_perilaku`;

CREATE TABLE `tr_perilaku` (
  `id_perilaku` bigint(20) NOT NULL AUTO_INCREMENT,
  `id_pegawai` bigint(20) DEFAULT NULL,
  `perilaku_tahun` year(4) DEFAULT NULL,
  `perilaku_pelayanan` tinyint(4) DEFAULT '0',
  `perilaku_integritas` tinyint(4) DEFAULT '0',
  `perilaku_komitmen` tinyint(4) DEFAULT '0',
  `perilaku_disiplin` tinyint(4) DEFAULT '0',
  `perilaku_kerjasama` tinyint(4) DEFAULT '0',
  `perilaku_kepemimpinan` tinyint(4) DEFAULT '0',
  `created_date` datetime DEFAULT NULL,
  `created_by` varchar(200) DEFAULT NULL,
  `modified_date` datetime DEFAULT NULL,
  `modified_by` varchar(200) DEFAULT NULL,
  `record_active` tinyint(4) DEFAULT '1',
  PRIMARY KEY (`id_perilaku`),
  KEY `tr_perilaku_master_pegawai` (`id_pegawai`),
  CONSTRAINT `tr_perilaku_master_pegawai` FOREIGN KEY (`id_pegawai`) REFERENCES `master_pegawai` (`id_pegawai`) ON DELETE NO ACTION ON UPDATE NO ACTION
) ENGINE=InnoDB DEFAULT CHARSET=latin1;

/*Data for the table `tr_perilaku` */

/*Table structure for table `tr_skp_nilai` */

DROP TABLE IF EXISTS `tr_skp_nilai`;

CREATE TABLE `tr_skp_nilai` (
  `id_skp_nilai` bigint(20) NOT NULL AUTO_INCREMENT,
  `id_turunan_dari` bigint(20) DEFAULT NULL,
  `id_skpt` bigint(20) DEFAULT NULL,
  `tahun` varchar(10) DEFAULT NULL,
  `real_nilai_kualitas` tinyint(4) DEFAULT NULL,
  `real_nilai_kuantitas` tinyint(4) DEFAULT NULL,
  `real_output` tinyint(4) DEFAULT NULL,
  `real_nilai_waktu` tinyint(4) DEFAULT NULL,
  `real_nilai_biaya` decimal(10,0) DEFAULT NULL,
  `reject_by_pegawai` tinyint(4) DEFAULT '0',
  `penilai_message` text,
  `pegawai_message` text,
  `current_active` tinyint(4) DEFAULT '1',
  `created_date` datetime DEFAULT NULL,
  `created_by` varchar(200) DEFAULT NULL,
  `modified_date` datetime DEFAULT NULL,
  `modified_by` varchar(200) DEFAULT NULL,
  `record_active` tinyint(4) DEFAULT '1',
  PRIMARY KEY (`id_skp_nilai`),
  KEY `tr_skpn_tr_skpt` (`id_skpt`),
  CONSTRAINT `tr_skpn_tr_skpt` FOREIGN KEY (`id_skpt`) REFERENCES `tr_skp_tahunan` (`id_skpt`) ON DELETE NO ACTION ON UPDATE NO ACTION
) ENGINE=InnoDB DEFAULT CHARSET=latin1;

/*Data for the table `tr_skp_nilai` */

/*Table structure for table `tr_skp_tahunan` */

DROP TABLE IF EXISTS `tr_skp_tahunan`;

CREATE TABLE `tr_skp_tahunan` (
  `id_skpt` bigint(20) NOT NULL AUTO_INCREMENT,
  `id_pegawai` bigint(20) DEFAULT NULL,
  `skpt_tahun` varchar(8) DEFAULT NULL,
  `id_dupnk` bigint(20) DEFAULT NULL,
  `skpt_waktu` tinyint(4) DEFAULT NULL,
  `skpt_kuantitas` tinyint(4) DEFAULT NULL,
  `skpt_kualitas` tinyint(100) DEFAULT NULL,
  `skpt_kredit` tinyint(4) DEFAULT NULL,
  `skpt_biaya` decimal(10,0) DEFAULT NULL,
  `skpt_status` tinyint(4) DEFAULT '0',
  `skpt_output` tinyint(4) DEFAULT NULL,
  `skpt_real_kuantitas` tinyint(4) DEFAULT '0',
  `skpt_real_output` tinyint(4) DEFAULT NULL,
  `skpt_real_kualitas` tinyint(4) DEFAULT '0',
  `skpt_real_waktu` tinyint(4) DEFAULT NULL,
  `upload_random_id` varchar(200) DEFAULT NULL,
  `bukti_kerja` varchar(200) DEFAULT NULL,
  `created_date` datetime DEFAULT CURRENT_TIMESTAMP,
  `created_by` varchar(200) DEFAULT NULL,
  `modified_date` datetime DEFAULT NULL,
  `modified_by` varchar(200) DEFAULT NULL,
  `record_active` tinyint(4) DEFAULT '1',
  PRIMARY KEY (`id_skpt`),
  KEY `fk_ms_pegawai_tr_skpt_id_pegawai` (`id_pegawai`),
  KEY `fk_ms_dupnk_tr_skpt_id_dupnk` (`id_dupnk`),
  CONSTRAINT `fk_ms_dupnk_tr_skpt_id_dupnk` FOREIGN KEY (`id_dupnk`) REFERENCES `master_dupnk` (`id_dupnk`) ON DELETE NO ACTION ON UPDATE NO ACTION,
  CONSTRAINT `fk_ms_pegawai_tr_skpt_id_pegawai` FOREIGN KEY (`id_pegawai`) REFERENCES `master_pegawai` (`id_pegawai`) ON DELETE NO ACTION ON UPDATE NO ACTION
) ENGINE=InnoDB AUTO_INCREMENT=4 DEFAULT CHARSET=latin1;

/*Data for the table `tr_skp_tahunan` */

/* Procedure structure for procedure `fnSelectModulAccessRuleByModulNameAndRoleName` */

/*!50003 DROP PROCEDURE IF EXISTS  `fnSelectModulAccessRuleByModulNameAndRoleName` */;

DELIMITER $$

/*!50003 CREATE DEFINER=`lahir`@`%` PROCEDURE `fnSelectModulAccessRuleByModulNameAndRoleName`(IN i_modul_name VARCHAR(300), IN i_id_user INTEGER)
BEGIN

DECLARE var_id_role INT DEFAULT 0;

 

SELECT backbone_modul_role.`id_module_role`,

backbone_modul_role.`is_read`,

backbone_modul_role.`is_write`,

backbone_modul_role.`is_delete`,

backbone_modul_role.`is_update`,

backbone_modul.`nama_modul`,

backbone_modul.`deskripsi_modul`,

backbone_role.`nama_role`,

backbone_user.`username`,

backbone_profil.`nama_profil`

FROM backbone_modul_role

JOIN backbone_modul ON backbone_modul.`id_modul` = backbone_modul_role.`id_modul` AND backbone_modul.`record_active` = '1'

JOIN backbone_role ON backbone_role.`id_role` = backbone_modul_role.`id_role` AND backbone_role.`record_active` = '1'

JOIN backbone_user_role ON backbone_user_role.`id_role` = backbone_role.`id_role` AND backbone_user_role.`record_active` = '1'

JOIN backbone_user ON backbone_user.`id_user` = backbone_user_role.`id_user` AND backbone_user.`id_user` = i_id_user

JOIN backbone_profil ON backbone_profil.id_user = backbone_user.id_user AND backbone_profil.`record_active` = '1'

WHERE backbone_modul.`nama_modul` = i_modul_name AND backbone_modul_role.`record_active` = '1'; 

    END */$$
DELIMITER ;

/*Table structure for table `v_user` */

DROP TABLE IF EXISTS `v_user`;

/*!50001 DROP VIEW IF EXISTS `v_user` */;
/*!50001 DROP TABLE IF EXISTS `v_user` */;

/*!50001 CREATE TABLE  `v_user`(
 `id_user` bigint(20) ,
 `username` varchar(60) ,
 `record_active` tinyint(4) ,
 `id_profil` bigint(20) ,
 `nama_profil` varchar(200) ,
 `email_profil` varchar(100) 
)*/;

/*View structure for view v_user */

/*!50001 DROP TABLE IF EXISTS `v_user` */;
/*!50001 DROP VIEW IF EXISTS `v_user` */;

/*!50001 CREATE ALGORITHM=UNDEFINED DEFINER=`lahir`@`%` SQL SECURITY DEFINER VIEW `v_user` AS select `backbone_user`.`id_user` AS `id_user`,`backbone_user`.`username` AS `username`,`backbone_user`.`record_active` AS `record_active`,`backbone_profil`.`id_profil` AS `id_profil`,`backbone_profil`.`nama_profil` AS `nama_profil`,`backbone_profil`.`email_profil` AS `email_profil` from (`backbone_user` join `backbone_profil` on((`backbone_profil`.`id_user` = `backbone_user`.`id_user`))) */;

/*!40101 SET SQL_MODE=@OLD_SQL_MODE */;
/*!40014 SET FOREIGN_KEY_CHECKS=@OLD_FOREIGN_KEY_CHECKS */;
/*!40014 SET UNIQUE_CHECKS=@OLD_UNIQUE_CHECKS */;
/*!40111 SET SQL_NOTES=@OLD_SQL_NOTES */;
