INSERT INTO backbone_user (username, PASSWORD) VALUES ('196502151993032001  ','123');
INSERT INTO backbone_user (username, PASSWORD) VALUES ('196808271991032009  ','123');
INSERT INTO backbone_user (username, PASSWORD) VALUES ('197509252001122001  ','123');
INSERT INTO backbone_user (username, PASSWORD) VALUES ('196412051994032001  ','123');
INSERT INTO backbone_user (username, PASSWORD) VALUES ('196209091989032001  ','123');
INSERT INTO backbone_user (username, PASSWORD) VALUES ('196711191994032001  ','123');
INSERT INTO backbone_user (username, PASSWORD) VALUES ('197303121996032001  ','123');
INSERT INTO backbone_user (username, PASSWORD) VALUES ('196311081993031001  ','123');
INSERT INTO backbone_user (username, PASSWORD) VALUES ('196902171991032001  ','123');
INSERT INTO backbone_user (username, PASSWORD) VALUES ('197511302001122001  ','123');
INSERT INTO backbone_user (username, PASSWORD) VALUES ('198402162009011002  ','123');
INSERT INTO backbone_user (username, PASSWORD) VALUES ('196205031986122001  ','123');
INSERT INTO backbone_user (username, PASSWORD) VALUES ('197612192002122001  ','123');
INSERT INTO backbone_user (username, PASSWORD) VALUES ('198904292014032002  ','123');
INSERT INTO backbone_user (username, PASSWORD) VALUES ('198811122015032004  ','123');
INSERT INTO backbone_user (username, PASSWORD) VALUES ('199002042015042003  ','123');
INSERT INTO backbone_user (username, PASSWORD) VALUES ('198911162014031001  ','123');
INSERT INTO backbone_user (username, PASSWORD) VALUES ('199107152014032005  ','123');
INSERT INTO backbone_user (username, PASSWORD) VALUES ('199107032018011001  ','123');
INSERT INTO backbone_user (username, PASSWORD) VALUES ('199310012018011001  ','123');
INSERT INTO backbone_user (username, PASSWORD) VALUES ('anggisurya','123');

INSERT INTO backbone_profil (id_user, nama_profil) VALUES ('208','Dra.Sulistyowati, MM');
INSERT INTO backbone_profil (id_user, nama_profil) VALUES ('209','Dwi Nurmaningsih, SAP, M.Hum');
INSERT INTO backbone_profil (id_user, nama_profil) VALUES ('210','Wiwi Diana Sari, S.Si,  MA ');
INSERT INTO backbone_profil (id_user, nama_profil) VALUES ('211','Dra.Kris Hapsari, M.Hum');
INSERT INTO backbone_profil (id_user, nama_profil) VALUES ('212','Dra.Dian Vitriana, M.Hum');
INSERT INTO backbone_profil (id_user, nama_profil) VALUES ('213','Dra.Tuti Sriwidayanti, M.SI');
INSERT INTO backbone_profil (id_user, nama_profil) VALUES ('214','Mira Puspitarini, S.Sos, M.Hum');
INSERT INTO backbone_profil (id_user, nama_profil) VALUES ('215','Drs. Gunawan');
INSERT INTO backbone_profil (id_user, nama_profil) VALUES ('216','Sutiasni, S.AP, M.Hum');
INSERT INTO backbone_profil (id_user, nama_profil) VALUES ('217','Susanti, S.Sos, M.Hum');
INSERT INTO backbone_profil (id_user, nama_profil) VALUES ('218','Aria Maulana, S.Hum, MAP');
INSERT INTO backbone_profil (id_user, nama_profil) VALUES ('219','A Susi Heri Pamungkasing Dyah');
INSERT INTO backbone_profil (id_user, nama_profil) VALUES ('220','Istianti Andiah, S.Kom');
INSERT INTO backbone_profil (id_user, nama_profil) VALUES ('221','Rias Fitriana Indriyati, S.IP');
INSERT INTO backbone_profil (id_user, nama_profil) VALUES ('222','Chery Novitas Sari, S.Psi.');
INSERT INTO backbone_profil (id_user, nama_profil) VALUES ('223','Rivda Nugraheni, S.Psi.');
INSERT INTO backbone_profil (id_user, nama_profil) VALUES ('224','Afif Akhda Luqmana, S.I.P.');
INSERT INTO backbone_profil (id_user, nama_profil) VALUES ('225','Asri Nugraheni, A.Md');
INSERT INTO backbone_profil (id_user, nama_profil) VALUES ('226','Jakha Luky Maisya, S.I.P');
INSERT INTO backbone_profil (id_user, nama_profil) VALUES ('227','Muhammad Naufal Gusti, S.AP');
INSERT INTO backbone_profil (id_user, nama_profil) VALUES ('228','Anggi Suryaningtia, A.Md');

INSERT INTO master_pegawai(id_user, pegawai_nip, pegawai_nama) VALUES ('208','196502151993032001  ','Dra.Sulistyowati, MM');
INSERT INTO master_pegawai(id_user, pegawai_nip, pegawai_nama) VALUES ('209','196808271991032009  ','Dwi Nurmaningsih, SAP, M.Hum');
INSERT INTO master_pegawai(id_user, pegawai_nip, pegawai_nama) VALUES ('210','197509252001122001  ','Wiwi Diana Sari, S.Si,  MA ');
INSERT INTO master_pegawai(id_user, pegawai_nip, pegawai_nama) VALUES ('211','196412051994032001  ','Dra.Kris Hapsari, M.Hum');
INSERT INTO master_pegawai(id_user, pegawai_nip, pegawai_nama) VALUES ('212','196209091989032001  ','Dra.Dian Vitriana, M.Hum');
INSERT INTO master_pegawai(id_user, pegawai_nip, pegawai_nama) VALUES ('213','196711191994032001  ','Dra.Tuti Sriwidayanti, M.SI');
INSERT INTO master_pegawai(id_user, pegawai_nip, pegawai_nama) VALUES ('214','197303121996032001  ','Mira Puspitarini, S.Sos, M.Hum');
INSERT INTO master_pegawai(id_user, pegawai_nip, pegawai_nama) VALUES ('215','196311081993031001  ','Drs. Gunawan');
INSERT INTO master_pegawai(id_user, pegawai_nip, pegawai_nama) VALUES ('216','196902171991032001  ','Sutiasni, S.AP, M.Hum');
INSERT INTO master_pegawai(id_user, pegawai_nip, pegawai_nama) VALUES ('217','197511302001122001  ','Susanti, S.Sos, M.Hum');
INSERT INTO master_pegawai(id_user, pegawai_nip, pegawai_nama) VALUES ('218','198402162009011002  ','Aria Maulana, S.Hum, MAP');
INSERT INTO master_pegawai(id_user, pegawai_nip, pegawai_nama) VALUES ('219','196205031986122001  ','A Susi Heri Pamungkasing Dyah');
INSERT INTO master_pegawai(id_user, pegawai_nip, pegawai_nama) VALUES ('220','197612192002122001  ','Istianti Andiah, S.Kom');
INSERT INTO master_pegawai(id_user, pegawai_nip, pegawai_nama) VALUES ('221','198904292014032002  ','Rias Fitriana Indriyati, S.IP');
INSERT INTO master_pegawai(id_user, pegawai_nip, pegawai_nama) VALUES ('222','198811122015032004  ','Chery Novitas Sari, S.Psi.');
INSERT INTO master_pegawai(id_user, pegawai_nip, pegawai_nama) VALUES ('223','199002042015042003  ','Rivda Nugraheni, S.Psi.');
INSERT INTO master_pegawai(id_user, pegawai_nip, pegawai_nama) VALUES ('224','198911162014031001  ','Afif Akhda Luqmana, S.I.P.');
INSERT INTO master_pegawai(id_user, pegawai_nip, pegawai_nama) VALUES ('225','199107152014032005  ','Asri Nugraheni, A.Md');
INSERT INTO master_pegawai(id_user, pegawai_nip, pegawai_nama) VALUES ('226','199107032018011001  ','Jakha Luky Maisya, S.I.P');
INSERT INTO master_pegawai(id_user, pegawai_nip, pegawai_nama) VALUES ('227','199310012018011001  ','Muhammad Naufal Gusti, S.AP');
INSERT INTO master_pegawai(id_user, pegawai_nip, pegawai_nama) VALUES ('228','anggisurya','Anggi Suryaningtia, A.Md');

INSERT INTO backbone_user_role(id_user, id_role) VALUES ('208','3');
INSERT INTO backbone_user_role(id_user, id_role) VALUES ('209','3');
INSERT INTO backbone_user_role(id_user, id_role) VALUES ('210','3');
INSERT INTO backbone_user_role(id_user, id_role) VALUES ('211','3');
INSERT INTO backbone_user_role(id_user, id_role) VALUES ('212','3');
INSERT INTO backbone_user_role(id_user, id_role) VALUES ('213','3');
INSERT INTO backbone_user_role(id_user, id_role) VALUES ('214','3');
INSERT INTO backbone_user_role(id_user, id_role) VALUES ('215','3');
INSERT INTO backbone_user_role(id_user, id_role) VALUES ('216','3');
INSERT INTO backbone_user_role(id_user, id_role) VALUES ('217','3');
INSERT INTO backbone_user_role(id_user, id_role) VALUES ('218','3');
INSERT INTO backbone_user_role(id_user, id_role) VALUES ('219','3');
INSERT INTO backbone_user_role(id_user, id_role) VALUES ('220','3');
INSERT INTO backbone_user_role(id_user, id_role) VALUES ('221','3');
INSERT INTO backbone_user_role(id_user, id_role) VALUES ('222','3');
INSERT INTO backbone_user_role(id_user, id_role) VALUES ('223','3');
INSERT INTO backbone_user_role(id_user, id_role) VALUES ('224','3');
INSERT INTO backbone_user_role(id_user, id_role) VALUES ('225','3');
INSERT INTO backbone_user_role(id_user, id_role) VALUES ('226','3');
INSERT INTO backbone_user_role(id_user, id_role) VALUES ('227','3');
INSERT INTO backbone_user_role(id_user, id_role) VALUES ('228','3');


